Заголовок,ссылка,Цена,Адрес,Дата,comment
"1-комнатная квартира, 51.3 м²Все заметкиУдалить",https://krisha.kz//a/show/662914219,от 22 059 000〒,"Ауэзовский р-н, Навои 9/1ИпотекаИпотекаКвартиры, которые можноприобрести в ипотекуот банков и по гос.программам",Алматы29 нояб.,"жил. комплекс Navoi 3.0, 16 этажей, 2022 г.п., жил. площадь 24.3 кв.м., кухня 8.8 кв.м., потолки 2.7м., санузел совмещенный, ЖК Navoi 3.0 – обновление уже полюбившегося алматинцам жилого комплекса теперь от RAMS Qazaqstan. Мы переосмыслили планировки, зоны общего пользования и даже материа…"
"1-комнатная квартира, 46.6 м², 9/10 этажВсе заметкиУдалить",https://krisha.kz//a/show/662308777,16 000 000〒,"Ауэзовский р-н, мкр Аксай-3Б 38",Алматы29 нояб.,"кирпичный дом, 1994 г.п., состояние: евроремонт, санузел совмещенный, интернет оптика, частично меблирована, Потрясающая, уютна, светлая квартира. Балкон на две комнаты. Полноценный тех этаж над квартирой! Продажа в связи с переездом. С документами полный порядок. Дом из кирпича. Газовая пли…"
"1-комнатная квартира, 42 м², 8/12 этажВсе заметкиУдалить",https://krisha.kz//a/show/662841707,26 200 000〒,"Ауэзовский р-н, мкр Таугуль, Саина 13а",Алматы28 нояб.,"жил. комплекс Берекет, монолитный дом, 2019 г.п., состояние: хорошее, санузел совмещенный, Агенство недвижимости ""Apartamenty Almaty"" предлагает продажу квартиры в Жилом Комплексе ""Берекет"" (Застройщик BI Group), класса Комфорт + Квартира в отличном состоянии, полность…"
"1-комнатная квартира, 30 м², 2/5 этажВсе заметкиУдалить",https://krisha.kz//a/show/663531391,12 000 000〒,"Ауэзовский р-н, мкр Таугуль-1, Мкр Таугуль-1 7",Алматы29 нояб.,"панельный дом, 1974 г.п., состояние: хорошее, жил. площадь 16 кв.м., кухня 5.2 кв.м., потолки 2.8м., санузел совмещенный, телефон: есть возможность подключения, интернет ADSL, частично меблирована, Риэлторы не беспокойте пожалуйста. ЭТО НЕ ОБЩЕЖИТИЕ. МНОГОКВАРТИРНЫЙ ДОМ, 10 КВАРТИР НА ЭТАЖ…"
"1-комнатная квартира, 45 м², 10/12 этажВсе заметкиУдалить",https://krisha.kz//a/show/663502158,21 800 000〒,"Ауэзовский р-н, Жетысу-1",Алматы29 нояб.,"жил. комплекс Жана Жетысу, монолитный дом, 2015 г.п., состояние: евроремонт, Застройщик Bi Group. Пластиковые окна, не угловая, улучшенная, комнаты изолированы, встроенная кухня, новая сантехника, счётчики, тихий двор, кондиционер. Не угловая, не залоговая, теплая квартира, солнечная сторона…"
"1-комнатная квартира, 32 м², 5/5 этажВсе заметкиУдалить",https://krisha.kz//a/show/663616144,15 000 000〒,"Ауэзовский р-н, мкр Аксай-2А, Елемесова — Саина",Алматы29 нояб.,"панельный дом, 1986 г.п., состояние: хорошее, жил. площадь 18 кв.м., кухня 6 кв.м., санузел совмещенный, частично меблирована, Продам однакомнатную квартиру в Ауэзовском районе. Тихий двор, с парковкой проблем нет. Крыша двухскатная, неугловая. Отличная инфраструктура, в шаговой доступности находят…"
"1-комнатная квартира, 54 м², 2/10 этажВсе заметкиУдалить",https://krisha.kz//a/show/663615554,24 500 000〒,"Ауэзовский р-н, мкр Жетысу-1 51 А — Абая Момышулы",Алматы29 нояб.,"2019 г.п., состояние: евроремонт, жил. площадь 26 кв.м., кухня 12 кв.м., потолки 3м., санузел совмещенный, телефон: есть возможность подключения, интернет проводной, полностью меблирована, Рядом имеется все необходимое"
"1-комнатная квартира, 43.6 м², 4/9 этажВсе заметкиУдалить",https://krisha.kz//a/show/663121748,17 700 000〒,"Ауэзовский р-н, мкр Мамыр-4, Мкр Мамыр-4",Алматы29 нояб.,"монолитный дом, 2006 г.п., состояние: хорошее, потолки 2.8м., санузел совмещенный, частично меблирована, Пластиковые окна, неугловая, улучшенная, новая сантехника, счётчики, тихий двор. Квартира светлая, теплая, просторная комната и большая кухня, так же просторный балкон. Рядом имеется детский сад…"
"1-комнатная квартира, 25 м², 4/4 этажВсе заметкиУдалить",https://krisha.kz//a/show/663295178,7 600 000〒,"Ауэзовский р-н, Жандосова — Берегового",Алматы29 нояб.,"кирпичный дом, 1967 г.п., состояние: среднее, потолки 2.7м., санузел совмещенный, частично меблирована, №4899857 Уважаемые гости южной столицы и жители города Алматы! Представляю вашему вниманию эксклюзивный вариант, 1 комнатная, уютная квартира в приватизированном общежитии С САН. УЗЛОМ ВНУТ…"
"1-комнатная квартира, 35 м², 2/5 этажВсе заметкиУдалить",https://krisha.kz//a/show/663613627,13 000 000〒,"Ауэзовский р-н, мкр Сайран, Мкр Сайран 92а",Алматы29 нояб.,"панельный дом, 1989 г.п., состояние: среднее, потолки 2.7м., санузел совмещенный, телефон: есть возможность подключения, интернет ADSL, полностью меблирована"
"1-комнатная квартира, 35 м², 2/5 этажВсе заметкиУдалить",https://krisha.kz//a/show/663613926,13 000 000〒,"Ауэзовский р-н, мкр Сайран, Мкр Сайран 92а",Алматы29 нояб.,"панельный дом, 1989 г.п., состояние: хорошее, санузел совмещенный, интернет оптика, частично меблирована"
"1-комнатная квартира, 33 м², 4/5 этажВсе заметкиУдалить",https://krisha.kz//a/show/663559845,14 800 000〒,"Ауэзовский р-н, мкр №11 34",Алматы29 нояб.,"панельный дом, 1975 г.п., состояние: требует ремонта, жил. площадь 18 кв.м., кухня 6 кв.м., санузел совмещенный, пустая"
"1-комнатная квартира, 34 м², 3/9 этажВсе заметкиУдалить",https://krisha.kz//a/show/661640518,9 500 000〒,"Ауэзовский р-н, мкр Аксай-1А 28а — Толе би",Алматы29 нояб.,"монолитный дом, 2010 г.п., состояние: хорошее, потолки 2.8м., санузел совмещенный, пустая, Продажа квартиры без посредников. После ремонта, ранее никто не проживал. Сейсмостойкость 9 баллов. Дом качественно построен. По документам не жилое, бывший бизнес центр. Окончание конец 2020 года. Спешите…"
"1-комнатная квартира, 24 м², 3/9 этажВсе заметкиУдалить",https://krisha.kz//a/show/661654400,7 300 000〒,"Ауэзовский р-н, мкр Аксай-1А 28а — Толе би - Яссауи",Алматы29 нояб.,"монолитный дом, 2010 г.п., состояние: хорошее, потолки 2.8м., санузел совмещенный, пустая, Окончание планируется до конца 2020 года. 4 таких блока уже готовы. Развитая инфраструктура, школы, детские сады. Коммуникации все новые. Отопление, горячая вода, xолодная вода, электроэнергия, все центрально…"
"1-комнатная квартира, 28 м², 8/9 этажВсе заметкиУдалить",https://krisha.kz//a/show/29865296,8 500 000〒,"Ауэзовский р-н, мкр Аксай-3А, Аксай-1а 27а — Толе би",Алматы29 нояб.,"монолитный дом, 2008 г.п., состояние: хорошее, потолки 2.8м., санузел совмещенный, телефон: есть возможность подключения, интернет оптика, пустая, Выгодное вложение денег для сдачи в аренду. Все комуникации центральные, чистый подьезд. Полный пакет документов. удобное месторасположение"
"1-комнатная квартира, 38 м², 9/9 этажВсе заметкиУдалить",https://krisha.kz//a/show/663552954,16 700 000〒,"Ауэзовский р-н, мкр Жетысу-1 47",Алматы29 нояб.,"кирпичный дом, 2002 г.п., состояние: хорошее, жил. площадь 18 кв.м., кухня 10 кв.м., потолки 2.9м., санузел совмещенный, интернет оптика, полностью меблирована, Великолепный вид на горы. шикарное расположение дома. рядом магнум.3 школы.2 детских садика. магнум.4 банка. качественно построенный кирп…"
"1-комнатная квартира, 45 м², 10/12 этажВсе заметкиУдалить",https://krisha.kz//a/show/662872993,21 700 000〒,"Ауэзовский р-н, Жетысу-1",Алматы29 нояб.,"жил. комплекс Жана Жетысу, монолитный дом, 2018 г.п., состояние: евроремонт, санузел совмещенный, частично меблирована, Застройщик Bi Group. Пластиковые окна, неугловая, улучшенная, комнаты изолированы, встроенная кухня, новая сантехника, счётчики, тихий двор, кондиционер. Неугловая, незалоговая…"
"1-комнатная квартира, 50.8 м², 9/10 этажВсе заметкиУдалить",https://krisha.kz//a/show/663121124,17 500 000〒,"Ауэзовский р-н, мкр Жетысу-1, Жетысу-3 — Момышулы",Алматы29 нояб.,"жил. комплекс Жана Жетысу, монолитный дом, 2016 г.п., состояние: хорошее, жил. площадь 25.5 кв.м., кухня 10.6 кв.м., санузел раздельный, частично меблирована, Риеэлторские услуги 150 000 тг. Незалоговая. Теплая просторная квартира. Зал 25, 5 кв. м. Большая кухня. Огромный застекленный балкон на 2…"
"1-комнатная квартира, 35.4 м², 3/9 этажВсе заметкиУдалить",https://krisha.kz//a/show/663377142,28 000 000〒,"Ауэзовский р-н, мкр Таугуль, Мустай Карим 12/7 — Сайна Жандосова",Алматы29 нояб.,"монолитный дом, 2002 г.п., состояние: хорошее, жил. площадь 16.4 кв.м., кухня 10.3 кв.м., потолки 2.7м., санузел совмещенный, телефон: отдельный, интернет ADSL, полностью меблирована, Продается квартира светлая, улучшенная, комнаты изолированные расположенная на солнечной стороне. С двумя балконами…"
"1-комнатная квартира, 54 м², 2/9 этажВсе заметкиУдалить",https://krisha.kz//a/show/663482031,20 700 000〒,"Ауэзовский р-н, Токтабаева — Навои",Алматы29 нояб.,"монолитный дом, 2006 г.п., состояние: среднее, пустая, ЖК НИКО в Таугуль-1 1 комнатная квартира с хорошей планировкой, с просторными светлыми комнатами. Кухня просторная 13.5 кв. м, балкон широкий с выходами как с кухни так и через комнату. комната большая и светлая за счет больших окон. Бал…"
"1-комнатная квартира, 44 м², 10/10 этажВсе заметкиУдалить",https://krisha.kz//a/show/663476810,24 800 000〒,"Ауэзовский р-н, мкр Аксай-4 119",Алматы29 нояб.,"монолитный дом, 2019 г.п., состояние: евроремонт, жил. площадь 35 кв.м., кухня 14 кв.м., потолки 3м., санузел совмещенный, интернет проводной, полностью меблирована, Квартира с евроремонтом, все делали для себя. хорошая сантехника. мебель дорогая. бытовая техника евролюкс. кондиционер. Рядом бан…"
"1-комнатная квартира, 47 м², 5/17 этажВсе заметкиУдалить",https://krisha.kz//a/show/662567883,26 000 000〒,"Ауэзовский р-н, Толе Би 181",Алматы29 нояб.,"жил. комплекс Assem Plaza, монолитный дом, 2020 г.п., состояние: евроремонт, потолки 3м., санузел совмещенный, интернет проводной, частично меблирована, Абсолютно новая, построенная в 2020г шикарная молодежная квартира cо встроенной кухней, шкафом и гардеробной комнатой! Квартира улучшенной планиро…"
"1-комнатная квартира, 33 м², 3/4 этажВсе заметкиУдалить",https://krisha.kz//a/show/663611463,13 800 000〒,"Ауэзовский р-н, 9 микр — Саина",Алматы29 нояб.,"панельный дом, 1967 г.п., состояние: хорошее, жил. площадь 18 кв.м., кухня 6 кв.м., частично меблирована, Хорошее состояние квартиры позволяет сразу переехать после сделки. Новый кафель и сантехника. Новый линолеум. Бытовая техника и мебель остается. Окна выходят в тихий двор. балкон есть. Удобн…"
"1-комнатная квартира, 43 м², 4/9 этажВсе заметкиУдалить",https://krisha.kz//a/show/24742386,24 500 000〒,"Ауэзовский р-н, мкр Сайран, Утеген батыра — Кабдолова",Алматы29 нояб.,"2012 г.п., состояние: хорошее, жил. площадь 20 кв.м., кухня 16 кв.м., санузел совмещенный, телефон: есть возможность подключения, ЖК Сайран. В живописном районе г. Алматы на побережье озера Сайран. Прекрасный вид на горы и озеро Сайран. Хорошая продуваемость. В дали от проезжей части. Тихий дво…"
"1-комнатная квартира, 32 м², 4/5 этажВсе заметкиУдалить",https://krisha.kz//a/show/663465932,15 000 000〒,"Ауэзовский р-н, мкр №11",Алматы29 нояб.,"панельный дом, 1975 г.п., состояние: среднее, жил. площадь 18 кв.м., кухня 6 кв.м., санузел совмещенный, частично меблирована"
"1-комнатная квартира, 32 м², 1/12 этажВсе заметкиУдалить",https://krisha.kz//a/show/663480098,15 000 000〒,"Ауэзовский р-н, мкр Аксай-1 24",Алматы29 нояб.,"монолитный дом, 1990 г.п., состояние: хорошее, жил. площадь 18 кв.м., кухня 8.2 кв.м., потолки 2.9м., санузел совмещенный, телефон: отдельный, интернет оптика, полностью меблирована, Отдельный вход на 2 квартиры, новая мебель, новая сантехника, холодильник, телевизор, стиральная машина. Ква…"
"1-комнатная квартира, 45.5 м², 9/10 этажВсе заметкиУдалить",https://krisha.kz//a/show/663023381,19 000 000〒,"Ауэзовский р-н, мкр №10 А, Аксаи1саиНа 65 — СаиНа",Алматы29 нояб.,"жил. комплекс Самга, 2016 г.п., состояние: евроремонт, жил. площадь 45.5 кв.м., кухня 12 кв.м., потолки 2.8м., санузел раздельный, телефон: отдельный, интернет через TV кабель, полностью меблирована"
"1-комнатная квартира, 32 м², 4/5 этажВсе заметкиУдалить",https://krisha.kz//a/show/663399228,17 500 000〒,"Ауэзовский р-н, мкр Аксай-2 40 — Елемесова",Алматы29 нояб.,"1988 г.п., состояние: евроремонт, телефон: отдельный, интернет ADSL, частично меблирована, 4(5) евро ремонт, санузел совмещённый, соседи отличные, солнечная сторона. Рядом расположены школы детские сады. Поликлиника. Мед центр. Магнум. Базар, многочисленные кафе по всем вопросам можете обращаться п…"
"1-комнатная квартира, 18 м², 8/8 этажВсе заметкиУдалить",https://krisha.kz//a/show/660771437,6 700 000〒,"Ауэзовский р-н, Саина 512 — Райымбека саина",Алматы28 нояб.,"1982 г.п., состояние: хорошее, жил. площадь 18 кв.м., санузел раздельный, пустая"
"1-комнатная квартира, 12 м², 1/4 этажВсе заметкиУдалить",https://krisha.kz//a/show/663565054,4 000 000〒,"Ауэзовский р-н, мкр №3, Сайна",Алматы28 нояб.,"панельный дом, 1972 г.п., состояние: среднее, потолки 2.8м., санузел совмещенный, телефон: отдельный, интернет ADSL, частично меблирована, Срочно! ТОП Район. Чистая, очень теплая. Кухня и С/У общий"
"1-комнатная квартира, 46.6 м², 9/10 этажВсе заметкиУдалить",https://krisha.kz//a/show/662308777,16 000 000〒,"Ауэзовский р-н, мкр Аксай-3Б 38",Алматы29 нояб.,"кирпичный дом, 1994 г.п., состояние: евроремонт, санузел совмещенный, интернет оптика, частично меблирована, Потрясающая, уютна, светлая квартира. Балкон на две комнаты. Полноценный тех этаж над квартирой! Продажа в связи с переездом. С документами полный порядок. Дом из кирпича. Газовая пли…"
"1-комнатная квартира, 50 м², 2/4 этажВсе заметкиУдалить",https://krisha.kz//a/show/663333612,14 000 000〒,"Ауэзовский р-н, мкр Сайран 1",Алматы29 нояб.,"кирпичный дом, 1971 г.п., состояние: евроремонт, жил. площадь 40 кв.м., кухня 14 кв.м., потолки 2.8м., санузел раздельный, телефон: отдельный, интернет оптика, частично меблирована, Продам квартиру в многоквартирном доме, кирпичный. В своё время строили для сотрудников Министерства обороны Ка…"
"1-комнатная квартира, 41.5 м², 1/5 этажВсе заметкиУдалить",https://krisha.kz//a/show/663617460,15 000 000〒,"Ауэзовский р-н, мкр Аксай-3А 70",Алматы29 нояб.,"панельный дом, 1991 г.п., состояние: среднее, жил. площадь 18 кв.м., кухня 9 кв.м., От хозяина. квартира угловая"
"1-комнатная квартира, 30 м², 4/5 этажВсе заметкиУдалить",https://krisha.kz//a/show/663617297,13 500 000〒,"Ауэзовский р-н, мкр №6, 6-й мкр 34",Алматы29 нояб.,"панельный дом, 1965 г.п., состояние: хорошее, санузел совмещенный, телефон: отдельный, интернет оптика, УГЛОВАЯ(теплая в очень хорошем состоянии) !СРОЧНО продается квартира в одном из самых востребованных районов города!Очень тихий двор. Соседи дружелюбные. Детская площадка. Уютный двор. Причи…"
"1-комнатная квартира, 41 м², 6/9 этажВсе заметкиУдалить",https://krisha.kz//a/show/663617424,16 600 000〒,"Ауэзовский р-н, мкр Жетысу-1, Мкр Жетысу-1",Алматы29 нояб.,"панельный дом, 1991 г.п., состояние: хорошее, санузел совмещенный, телефон: отдельный, интернет оптика, полностью меблирована, Внимание, СРОЧНО! Ипотеку не рассматривают! Однокомнатная квартира улучшенной планировки с ""кладовкой"" в одном из самых востребованных районов города! Квартир…"
"1-комнатная квартира, 40 м², 5/5 этажВсе заметкиУдалить",https://krisha.kz//a/show/663617380,16 400 000〒,"Ауэзовский р-н, мкр Аксай-3, Мкр Аксай-3",Алматы29 нояб.,"панельный дом, 1982 г.п., состояние: хорошее, санузел совмещенный, телефон: отдельный, интернет оптика, частично меблирована, Внимание, СРОЧНО! Ипотеку рассматривают! Угловая снаружи утеплённая однокомнатная квартира улучшенной планировки в одном из самых востребованных районов города! Квартир…"
"1-комнатная квартира, 41 м², 5/5 этажВсе заметкиУдалить",https://krisha.kz//a/show/663617332,16 400 000〒,"Ауэзовский р-н, мкр Аксай-2, Мкр Аксай-2",Алматы29 нояб.,"панельный дом, 1986 г.п., состояние: хорошее, санузел совмещенный, телефон: отдельный, интернет оптика, частично меблирована, Внимание, СРОЧНО! Ипотеку рассматривают! Угловая снаружи утеплённая однокомнатная квартира улучшенной планировки в одном из самых востребованных районов города! Квартир…"
"1-комнатная квартира, 40 м², 5/5 этажВсе заметкиУдалить",https://krisha.kz//a/show/663617254,16 300 000〒,"Ауэзовский р-н, мкр Таугуль-2, Мкр Таугуль-2",Алматы29 нояб.,"панельный дом, 1989 г.п., состояние: хорошее, жил. площадь 18 кв.м., кухня 10 кв.м., санузел совмещенный, Внимание, СРОЧНО! Однокомнатная улучшенная квартира в одном из самых востребованных районов города! Квартира в хорошем состоянии, не требует капитальных вложений! Развитая инфраструктура, тих…"
"1-комнатная квартира, 47 м², 9/10 этажВсе заметкиУдалить",https://krisha.kz//a/show/663617185,20 000 000〒,"Ауэзовский р-н, Толе би",Алматы29 нояб.,"жил. комплекс Эдельвейс, монолитный дом, 2014 г.п., состояние: евроремонт, жил. площадь 37 кв.м., кухня 16 кв.м., санузел совмещенный, полностью меблирована, Продаётся однокомнатная улучшенной планировки в ЖК Эдельвейс рядом вся инфраструктура сити плюс, магнум, Гранд парк, автовокзал Сайран, ме…"
"1-комнатная квартира, 20 м², 2/4 этажВсе заметкиУдалить",https://krisha.kz//a/show/663617203,9 500 000〒,"Ауэзовский р-н, мкр №10 7а",Алматы29 нояб.,"кирпичный дом, 1985 г.п., состояние: евроремонт, жил. площадь 20 кв.м., санузел совмещенный, полностью меблирована, 1 комната в приватизированном семейном общежитии Продам 1 комнату в приватизированном семейном общежитии. Свежий евро ремонт. 2/4 этаж, 20кв. м. Санузел в комнате (унитаз, ракови…"
"1-комнатная квартира, 47 м², 5/9 этажВсе заметкиУдалить",https://krisha.kz//a/show/663181222,17 500 000〒,"Ауэзовский р-н, мкр Аксай-3Б, Мкр Аксай-3Б",Алматы29 нояб.,"кирпичный дом, 1994 г.п., состояние: хорошее, потолки 2.7м., санузел совмещенный, телефон: отдельный, интернет оптика, частично меблирована, Прошу не беспокоить риэлторов!"
"1-комнатная квартира, 33.5 м², 3/5 этажВсе заметкиУдалить",https://krisha.kz//a/show/662114252,18 000 000〒,"Ауэзовский р-н, мкр Таугуль 9 — Факельная Пятницкого",Алматы29 нояб.,"панельный дом, 1988 г.п., состояние: евроремонт, жил. площадь 17.6 кв.м., кухня 6.1 кв.м., санузел совмещенный, интернет через TV кабель, Рядом находится Магнум, университет Нархоз, садик, Школа. Дружелюбные соседи, детская площадка во дворе, Чистый подъезд. автобусы ходят во все направления"
"1-комнатная квартира, 35 м², 2/5 этажВсе заметкиУдалить",https://krisha.kz//a/show/663616794,13 000 000〒,"Ауэзовский р-н, мкр Сайран",Алматы29 нояб.,"панельный дом, 1989 г.п., состояние: хорошее, потолки 2.8м., санузел совмещенный, интернет ADSL"
"1-комнатная квартира, 50 м², 6/12 этажВсе заметкиУдалить",https://krisha.kz//a/show/56663175,25 000 000〒,"Ауэзовский р-н, мкр Жетысу-3 55 — Абая Момышулы",Алматы29 нояб.,"монолитный дом, 2007 г.п., состояние: евроремонт, жил. площадь 25 кв.м., кухня 15 кв.м., полностью меблирована, ЖК Бейбарыс, два года назад проводился капитальный ремонт, полностью все новое ставилось, хорошая инфраструктура, рядом, школа, детский сад, Магнум, в следующем году откроют новую станци…"
"1-комнатная квартира, 30 м², 7/9 этажВсе заметкиУдалить",https://krisha.kz//a/show/663611897,8 000 000〒,"Ауэзовский р-н, мкр Аксай-1А 27а",Алматы29 нояб.,"монолитный дом, 2014 г.п., состояние: хорошее, жил. площадь 29 кв.м., кухня 7 кв.м., потолки 3м., санузел совмещенный, телефон: есть возможность подключения, интернет через TV кабель, пустая, Продам или обменяю на авто 1 комнатную 30 квадратных метров в Аксай 1 а по правам переуступки дом сдаётс…"
"1-комнатная квартира, 17 м², 4/4 этажВсе заметкиУдалить",https://krisha.kz//a/show/662294803,6 500 000〒,"Ауэзовский р-н, мкр №3, Мкр №3 39А",Алматы29 нояб.,"панельный дом, 1964 г.п., состояние: хорошее, жил. площадь 13 кв.м., потолки 2.8м., санузел совмещенный, телефон: есть возможность подключения, частично меблирована, Продам комнату в приватизированном общежитии в хорошем состоянии. Пластиковые окна, неугловая, счётчики, тихий двор. Меблирована част…"
"1-комнатная квартира, 33 м², 2/4 этажВсе заметкиУдалить",https://krisha.kz//a/show/49032679,11 000 000〒,"Ауэзовский р-н, мкр №2",Алматы29 нояб.,"панельный дом, 1966 г.п., состояние: хорошее, потолки 2.8м., санузел раздельный, телефон: отдельный, интернет ADSL, частично меблирована"
"1-комнатная квартира, 30 м², 1/5 этажВсе заметкиУдалить",https://krisha.kz//a/show/662579301,15 500 000〒,"Ауэзовский р-н, мкр Таугуль 20 — Токтабаева Сулейменова",Алматы29 нояб.,"кирпичный дом, 1975 г.п., состояние: хорошее, жил. площадь 15 кв.м., потолки 2.7м., санузел совмещенный, телефон: отдельный, интернет проводной, частично меблирована, Продаётся однакомнатная квартира в экологически чистом районе, окна выходят на уличную сторону, удобно под магазин или офис. Небольш…"
"1-комнатная квартира, 10 м², 3/5 этажВсе заметкиУдалить",https://krisha.kz//a/show/662728799,4 900 000〒,"Ауэзовский р-н, мкр №6, №6 мкр 50",Алматы29 нояб.,"панельный дом, 1975 г.п., состояние: хорошее, жил. площадь 10 кв.м"
"1-комнатная квартира, 30 м², 4/5 этажВсе заметкиУдалить",https://krisha.kz//a/show/663616474,14 600 000〒,"Ауэзовский р-н, Абая проспект — Саина",Алматы29 нояб.,"панельный дом, 1965 г.п., санузел совмещенный, частично меблирована, Пластиковые окна, неугловая, комнаты изолированы, встроенная кухня видеонаблюдение, домофон"
"1-комнатная квартира, 45 м², 10/12 этажВсе заметкиУдалить",https://krisha.kz//a/show/663616117,21 800 000〒,"Ауэзовский р-н, Бауыржана Момышулы",Алматы29 нояб.,"монолитный дом, 2018 г.п., состояние: евроремонт, санузел совмещенный, Застройщик Bi Group. Пластиковые окна, неугловая, улучшенная, комнаты изолированы, встроенная кухня, новая сантехника, счётчики, тихий двор, кондиционер. Неугловая, незалоговая, теплая квартира, солнечная сторона. Светлы…"
"1-комнатная квартира, 30 м², 2/5 этажВсе заметкиУдалить",https://krisha.kz//a/show/663615440,12 500 000〒,"Ауэзовский р-н, мкр Жетысу-2, Мкр Жетысу-2",Алматы29 нояб.,"кирпичный дом, 1984 г.п., состояние: среднее, жил. площадь 18 кв.м., кухня 9 кв.м., санузел совмещенный, интернет ADSL, 4928956 - Международная компания «Этажи» предлагает Вашему вниманию 1- комнатную квартиру в Бостандыкском районе. Рядом есть все необходимое для комфортного проживания : школы-са…"
"1-комнатная квартира, 54 м², 6/9 этажВсе заметкиУдалить",https://krisha.kz//a/show/662956402,22 700 000〒,"Ауэзовский р-н, мкр Жетысу-2 80 — Абая",Алматы29 нояб.,"2008 г.п., состояние: евроремонт, санузел совмещенный, телефон: есть возможность подключения, интернет ADSL, полностью меблирована, Торг уместен, Айнура"
"1-комнатная квартира, 18 м², 2/2 этажВсе заметкиУдалить",https://krisha.kz//a/show/663420050,4 500 000〒,"Ауэзовский р-н, Кисловодская 37",Алматы29 нояб.,"кирпичный дом, 1960 г.п., состояние: среднее, телефон: есть возможность подключения, интернет проводной, частично меблирована, Срочно торг"
"1-комнатная квартира, 41 м², 9/9 этажВсе заметкиУдалить",https://krisha.kz//a/show/663475994,17 500 000〒,"Ауэзовский р-н, мкр Жетысу-2, Мкр Жетысу-2",Алматы29 нояб.,"панельный дом, 1996 г.п., состояние: хорошее, жил. площадь 18 кв.м., кухня 11 кв.м., санузел совмещенный, телефон: есть возможность подключения, интернет оптика, частично меблирована, Риэлторы, свои услуги не предлагать! Без посредников"
"1-комнатная квартира, 20 м², 3/5 этажВсе заметкиУдалить",https://krisha.kz//a/show/663475933,8 700 000〒,"Ауэзовский р-н, мкр Сайран, Утеген Батыра 73 — Жубанова",Алматы29 нояб.,"кирпичный дом, 1975 г.п., состояние: среднее, жил. площадь 18 кв.м., потолки 2.8м., санузел совмещенный, частично меблирована, Продам комнату в общежитии"
"1-комнатная квартира, 12 м², 3/4 этажВсе заметкиУдалить",https://krisha.kz//a/show/662978775,7 000 000〒,"Ауэзовский р-н, мкр №3, Мкр №3 39а",Алматы29 нояб.,"кирпичный дом, 1965 г.п., состояние: хорошее, санузел раздельный, телефон: есть возможность подключения, частично меблирована, Продаю квартиру в хорошем районе, рядом школы, детские сады, ТЦ Москва, Магнум рядом Станция метро"
"1-комнатная квартира, 31 м², 1/4 этажВсе заметкиУдалить",https://krisha.kz//a/show/661495378,15 000 000〒,"Ауэзовский р-н, мкр №9, №9 мкр — Берегового",Алматы29 нояб.,"В залоге, панельный дом, 1967 г.п., состояние: хорошее, жил. площадь 18 кв.м., кухня 6 кв.м., санузел совмещенный, интернет оптика, Продам однокомнатную квартиру в тихом районе Берегового- Ю. Кима, соседи хорошие, рядом школа гимназия N5, N 1 . детские сады. Дом находится в районе Нархоза, ряд…"
"1-комнатная квартира, 30 м², 11/12 этажВсе заметкиУдалить",https://krisha.kz//a/show/663025136,14 500 000〒,"Ауэзовский р-н, мкр Аксай-1А 7а",Алматы29 нояб.,"монолитный дом, 1980 г.п., состояние: хорошее, жил. площадь 15 кв.м., кухня 9 кв.м"
"1-комнатная квартира, 42.6 м², 6/10 этажВсе заметкиУдалить",https://krisha.kz//a/show/660783794,20 500 000〒,"Ауэзовский р-н, мкр Аксай-5, Б. Момышулы — Маргулана",Алматы29 нояб.,"жил. комплекс Уш-Сункар, монолитный дом, 2018 г.п., состояние: среднее, потолки 2.55м., санузел совмещенный, телефон: нет, интернет через TV кабель, полностью меблирована, ЖК Уш сункар 1 блок 6 этаж Балкон: утеплён и заменены окна на немецкие 2 камерные открывается 2 окна, кухня хорошая не дешёвая…"
"1-комнатная квартира, 40.1 м², 3/9 этажВсе заметкиУдалить",https://krisha.kz//a/show/663179283,20 000 000〒,"Ауэзовский р-н, мкр Жетысу-1, Мкн ЖЕТЫСУ 1 15",Алматы29 нояб.,"В залоге, панельный дом, 1992 г.п., состояние: хорошее, жил. площадь 18 кв.м., кухня 10 кв.м., потолки 2.8м., санузел совмещенный, Продам 1 ком квартиру, 3 этаж из 9 Очень теплая и Светлая квартира, не угловая, улучшенная планировка все рядом 2 Бани, 2 школы, дет сад, МАГНУМ, остановка риэлторам н…"
"1-комнатная квартира, 33 м², 4/4 этажВсе заметкиУдалить",https://krisha.kz//a/show/662428811,13 400 000〒,"Ауэзовский р-н, мкр №2, Мкр №2 1 — проспект Алтынсарина",Алматы29 нояб.,"панельный дом, 1962 г.п., жил. площадь 18 кв.м., кухня 6 кв.м., санузел совмещенный, Вдоль проспекта Алтынсарина, рядом детская поликлиника№7, деский садик ""АЛИМ"", школа №104, рынок Сары-арка, Грандпарк"
"1-комнатная квартира, 43 м², 4/9 этажВсе заметкиУдалить",https://krisha.kz//a/show/58236538,19 900 000〒,"Ауэзовский р-н, мкр Тастак-1, Тастак 1 13",Алматы29 нояб.,"панельный дом, 1986 г.п., состояние: евроремонт, жил. площадь 30 кв.м., кухня 18 кв.м., потолки 2.8м., санузел совмещенный, телефон: отдельный, частично меблирована, Продается чистая, уютная, просторная, квартира после ремонта, напротив автовокзала «Сайран» Кроме спальни и кухни имеется гардеробн…"
"1-комнатная квартира, 40 м², 6/9 этажВсе заметкиУдалить",https://krisha.kz//a/show/663475337,17 000 000〒,"Ауэзовский р-н, мкр №2, Мкр Аксай-3 55",Алматы29 нояб.,"панельный дом, 1988 г.п., состояние: среднее, жил. площадь 18 кв.м., кухня 8 кв.м., потолки 2.9м., санузел совмещенный, телефон: нет, интернет оптика, частично меблирована, Торга нет, с продажей не спешим"
"1-комнатная квартира, 31 м², 2/4 этажВсе заметкиУдалить",https://krisha.kz//a/show/663475002,13 500 000〒,"Ауэзовский р-н, мкр №4, Мкр Аксай-3 2",Алматы29 нояб.,"панельный дом, 1965 г.п., состояние: среднее, жил. площадь 18 кв.м., кухня 6 кв.м., потолки 2.7м., санузел совмещенный, телефон: нет, интернет оптика, частично меблирована, Торга нет, с продажей не спешим"
"1-комнатная квартира, 40 м², 5/9 этажВсе заметкиУдалить",https://krisha.kz//a/show/663474878,16 000 000〒,"Ауэзовский р-н, мкр Аксай-4, Мкр Аксай-3 42",Алматы29 нояб.,"панельный дом, 1988 г.п., состояние: среднее, жил. площадь 18 кв.м., кухня 10 кв.м., потолки 2.9м., санузел совмещенный, телефон: нет, интернет оптика, полностью меблирована, Торга нет, с продажей не спешим"
"1-комнатная квартира, 34 м², 3/12 этажВсе заметкиУдалить",https://krisha.kz//a/show/661061422,13 600 000〒,"Ауэзовский р-н, мкр Аксай-1А 7",Алматы29 нояб.,"2000 г.п., состояние: хорошее, телефон: отдельный, интернет проводной"
"1-комнатная квартира, 40 м², 2/5 этажВсе заметкиУдалить",https://krisha.kz//a/show/663474815,16 000 000〒,"Ауэзовский р-н, мкр Аксай-5, Мкр Аксай-3 9",Алматы29 нояб.,"панельный дом, 1986 г.п., состояние: среднее, жил. площадь 18 кв.м., кухня 11 кв.м., потолки 2.9м., санузел совмещенный, телефон: нет, интернет оптика, полностью меблирована, Торга нет, с продажей не спешу"
"1-комнатная квартира, 18 м², 1/4 этажВсе заметкиУдалить",https://krisha.kz//a/show/663491356,7 000 000〒,"Ауэзовский р-н, мкр №5, №5 мкр 21",Алматы29 нояб.,"1978 г.п., состояние: хорошее, Срочно продам комнату в приватизированном общежитии!Квартира находится прямо по Абая!5 микрарайон!Очень тёплая!в комнате есть туалет раковина. Хорошо как для себя, так и для сдачи!"
"1-комнатная квартира, 40 м², 3/9 этажВсе заметкиУдалить",https://krisha.kz//a/show/663474567,18 200 000〒,"Ауэзовский р-н, мкр Таугуль, Мкр Таугуль д.4 — Сулейменова",Алматы29 нояб.,"монолитный дом, 1989 г.п., состояние: среднее, жил. площадь 18.1 кв.м., кухня 10 кв.м., потолки 3м., санузел совмещенный, частично меблирована, Продам 1 ком. улуч. квартиру. Кухня 10, из кладовки сделана гардеробная. Торг уместен. Чуть выше Джандосова, возле Магнума. Квартира сдаётся в аренд…"
"1-комнатная квартира, 40 м², 1/4 этажВсе заметкиУдалить",https://krisha.kz//a/show/660953082,15 000 000〒,"Ауэзовский р-н, мкр Таугуль, Сулейменова 25 — Токтабаева",Алматы29 нояб.,"кирпичный дом, 1954 г.п., состояние: хорошее, жил. площадь 18 кв.м., кухня 10 кв.м., потолки 3м., санузел раздельный, интернет проводной, частично меблирована, Продам 1 комнатную квартиру в приватизированном общежитии. Не угловая, окна смотрят на улицу Сулейменова, поэтому очень удобно под коммерцию"
"1-комнатная квартира, 44 м², 9/9 этажВсе заметкиУдалить",https://krisha.kz//a/show/663614216,16 500 000〒,"Ауэзовский р-н, мкр Жетысу-3 1 — Абая - Момышулы",Алматы29 нояб.,"кирпичный дом, 1993 г.п., жил. площадь 39 кв.м., кухня 12 кв.м., потолки 2.8м., Удобная для сдачи в аренду. местоположение удобное, прям рядом круглосуточный Magnum, станция Метро. Требует ремонта"
"1-комнатная квартира, 36 м², 6/9 этажВсе заметкиУдалить",https://krisha.kz//a/show/661508232,12 300 000〒,"Ауэзовский р-н, мкр Аксай-1А, Мкр Аксай-1А 27А — Толе би",Алматы29 нояб.,"монолитный дом, 2008 г.п., состояние: хорошее, жил. площадь 33 кв.м., кухня 6 кв.м., потолки 2.8м., санузел совмещенный, телефон: есть возможность подключения, интернет оптика, полностью меблирована, Срочно продается новая, светлая, теплая, полностью меблированная квартира в бывшем бизнес-цен…"
"1-комнатная квартира, 40 м², 6/9 этажВсе заметкиУдалить",https://krisha.kz//a/show/663473482,16 500 000〒,"Ауэзовский р-н, мкр Аксай-2 76",Алматы29 нояб.,"панельный дом, 1989 г.п., состояние: хорошее, жил. площадь 18 кв.м., кухня 8 кв.м., санузел совмещенный, частично меблирована, Торг на месте"
"1-комнатная квартира, 42 м², 2/5 этажВсе заметкиУдалить",https://krisha.kz//a/show/663612609,14 000 000〒,"Ауэзовский р-н, мкр Аксай-1, Мкр Аксай-1 — Толе Би",Алматы29 нояб.,"кирпичный дом, 1961 г.п., состояние: хорошее, жил. площадь 35 кв.м., кухня 10 кв.м., санузел раздельный, телефон: отдельный, интернет через TV кабель, частично меблирована"
"1-комнатная квартира, 44 м², 9/10 этажВсе заметкиУдалить",https://krisha.kz//a/show/662273359,30 000 000〒,"Ауэзовский р-н, мкр Аксай-5, Б. Момышулы 25 — Маргулана",Алматы29 нояб.,"В залоге, жил. комплекс Уш-Сункар, монолитный дом, 2018 г.п., жил. площадь 42 кв.м., потолки 2.7м., санузел совмещенный, полностью меблирована, Квартира 1 комн, но разделенна на две комнаты французской раздвижной дверью. Очень светлая и просторная. Находится в новом ЖК ""Уш Сункар"". Ремонт…"
"1-комнатная квартира, 50 м², 7/10 этажВсе заметкиУдалить",https://krisha.kz//a/show/662426968,21 500 000〒,"Ауэзовский р-н, мкр Мамыр, Афцинао 4",Алматы29 нояб.,"жил. комплекс Восход, 2018 г.п., состояние: евроремонт, жил. площадь 45 кв.м., кухня 19 кв.м., потолки 2.8м., санузел совмещенный, частично меблирована, Продаю квартиру 1 комнатную, евроремонт. . Рядом трц Спутник, школы, детские сады. Чистый воздух. Объявление от хозяина. Остаётся практически в…"
"1-комнатная квартира, 36 м², 6/9 этажВсе заметкиУдалить",https://krisha.kz//a/show/663613030,13 200 000〒,"Ауэзовский р-н, мкр Аксай-1А, Мкр Аксай-1А",Алматы29 нояб.,"монолитный дом, 2008 г.п., состояние: хорошее, потолки 2.7м., санузел раздельный, телефон: отдельный, интернет проводной, полностью меблирована, Пластиковые окна, кухня-студия, новая сантехника, счётчики, тихий двор, удобно под коммерцию. Продается светлая, теплая, полностью меблированная квартира…"
"1-комнатная квартира, 32.2 м², 3/4 этажВсе заметкиУдалить",https://krisha.kz//a/show/58233635,15 000 000〒,"Ауэзовский р-н, мкр №8",Алматы29 нояб.,"панельный дом, 1969 г.п., состояние: хорошее, жил. площадь 19 кв.м., кухня 6 кв.м., потолки 2.5м., санузел совмещенный, телефон: отдельный, интернет проводной, частично меблирована"
"1-комнатная квартира, 40 м², 9/9 этажВсе заметкиУдалить",https://krisha.kz//a/show/663472895,15 800 000〒,"Ауэзовский р-н, мкр Аксай-3",Алматы29 нояб.,"панельный дом, 1989 г.п., состояние: хорошее, потолки 2.9м., санузел совмещенный, телефон: отдельный, интернет оптика, частично меблирована, За наличные, Ипотека не рассматривается"
"1-комнатная квартира, 34 м², 1/5 этажВсе заметкиУдалить",https://krisha.kz//a/show/663299961,15 000 000〒,"Ауэзовский р-н, мкр Аксай-4, Мкр Аксай-4 — Бауыржана Момышулы",Алматы29 нояб.,"панельный дом, 1985 г.п., состояние: хорошее, санузел совмещенный, телефон: отдельный, частично меблирована, Отличное расположение дома. Развитая инфраструктура. кваДокументы в порядке"
"1-комнатная квартира, 10.5 м², 2/2 этажВсе заметкиУдалить",https://krisha.kz//a/show/663327882,3 600 000〒,"Ауэзовский р-н, Кисловодская 37",Алматы29 нояб.,"кирпичный дом, 1965 г.п., состояние: среднее, жил. площадь 10.5 кв.м., потолки 2.8м"
"1-комнатная квартира, 16 м², 1/4 этажВсе заметкиУдалить",https://krisha.kz//a/show/663327671,7 500 000〒,"Ауэзовский р-н, мкр №5, №5 мкр — Абая",Алматы29 нояб.,"1969 г.п., состояние: хорошее, жил. площадь 16 кв.м., потолки 2.7м., санузел раздельный, частично меблирована, Продам в центре города прив. общежитию, рядом станция Метро, базар Сары-Арка, ТРЦ МОСКВА, 2 гос. садика, все пошаговой доступности ! Очень удобно под коммерцию. При осмотре небольшой тор…"
"1-комнатная квартира, 19.1 м², 1/4 этажВсе заметкиУдалить",https://krisha.kz//a/show/663063302,10 000 000〒,"Ауэзовский р-н, мкр №10, Мкр №10 59В",Алматы29 нояб.,"кирпичный дом, 1967 г.п"
"1-комнатная квартира, 55 м², 2/13 этажВсе заметкиУдалить",https://krisha.kz//a/show/663612459,20 500 000〒,"Ауэзовский р-н, мкр №3, Мкр №3 — Саина",Алматы29 нояб.,"жил. комплекс Амаль, монолитный дом, 2020 г.п., состояние: свободная планировка, санузел раздельный, телефон: отдельный, интернет ADSL"
"1-комнатная квартира, 20 м², 1/4 этажВсе заметкиУдалить",https://krisha.kz//a/show/663599321,8 000 000〒,"Ауэзовский р-н, мкр №2, Мкр №2 11",Алматы29 нояб.,"панельный дом, 1974 г.п., состояние: среднее, потолки 2.8м., санузел совмещенный, полностью меблирована, Срочно продается общежитие. Все удобство для проживание. Небольшой торг при осмотре"
"1-комнатная квартира, 36 м², 5/5 этажВсе заметкиУдалить",https://krisha.kz//a/show/661317234,15 000 000〒,"Ауэзовский р-н, мкр Сайран, Утеген Батыра",Алматы29 нояб.,"кирпичный дом, 1978 г.п., состояние: евроремонт, жил. площадь 18 кв.м., кухня 12 кв.м., потолки 2.5м., санузел совмещенный, телефон: отдельный, интернет проводной, частично меблирована, Продам однокомнатную квартиру"
"1-комнатная квартира, 40 м², 7/10 этажВсе заметкиУдалить",https://krisha.kz//a/show/663327052,18 500 000〒,"Ауэзовский р-н, мкр Аксай-1 10/3",Алматы29 нояб.,"жил. комплекс Самга, монолитный дом, 2016 г.п., состояние: хорошее, частично меблирована, Продаётся светлая и уютная квартира! Пластиковые окна, тихий двор, не угловая, парковка от ТЦ и частная от ЖК. Детская площадка, магазины: ТЦ Азия Парк, 12 месяцев, Metro, OBI в шаговой доступности. Недал…"
"1-комнатная квартира, 23.5 м², 4/4 этажВсе заметкиУдалить",https://krisha.kz//a/show/663471593,9 500 000〒,"Ауэзовский р-н, мкр Таугуль-1 6 — Токтабаева",Алматы29 нояб.,"кирпичный дом, 1974 г.п., состояние: хорошее, жил. площадь 10.5 кв.м., кухня 7 кв.м., полностью меблирована, 1 болмелы уй сатылат жагдайы жаксы"
"1-комнатная квартира, 30 м², 8/10 этажВсе заметкиУдалить",https://krisha.kz//a/show/52953510,9 200 000〒,"Ауэзовский р-н, мкр Аксай-3А, Толе Би 88 — Момышулы",Алматы29 нояб.,"монолитный дом, 2008 г.п., состояние: хорошее, санузел раздельный, телефон: отдельный, интернет ADSL, пустая"
"1-комнатная квартира, 25 м², 6/10 этажВсе заметкиУдалить",https://krisha.kz//a/show/663488190,8 700 000〒,"Ауэзовский р-н, мкр Аксай-3А, Мкр Аксай-3А 88",Алматы29 нояб.,"монолитный дом, 2008 г.п., состояние: хорошее, санузел совмещенный, телефон: отдельный, интернет ADSL, частично меблирована, Срочная продажа!"
"1-комнатная квартира, 32 м², 7/9 этажВсе заметкиУдалить",https://krisha.kz//a/show/662777522,11 000 000〒,"Ауэзовский р-н, мкр Аксай-1А, Мкр Аксай-1А 27А",Алматы29 нояб.,"монолитный дом, 2008 г.п., состояние: хорошее, санузел совмещенный, телефон: отдельный, интернет ADSL, полностью меблирована"
"1-комнатная квартира, 44.6 м², 11/17 этажВсе заметкиУдалить",https://krisha.kz//a/show/663471201,21 000 000〒,"Ауэзовский р-н, мкр Мамыр-1 29/7",Алматы29 нояб.,"жил. комплекс Спутник, монолитный дом, 2014 г.п., состояние: хорошее, жил. площадь 20 кв.м., кухня 10 кв.м., потолки 2.65м., санузел совмещенный, телефон: нет, интернет оптика, полностью меблирована, Продаем светлую квартиру в перспективном районе с видом на горы. Являемся первыми хозяевами кварти…"
"1-комнатная квартира, 45 м², 7/9 этажВсе заметкиУдалить",https://krisha.kz//a/show/663471309,19 000 000〒,"Ауэзовский р-н, мкр Аксай-3Б, Аксай 3б 2 — Толе би, Яссауи",Алматы29 нояб.,"кирпичный дом, 1994 г.п., состояние: евроремонт, жил. площадь 18 кв.м., кухня 14 кв.м., потолки 3м., санузел совмещенный, телефон: есть возможность подключения, интернет через TV кабель, частично меблирована"
"1-комнатная квартира, 32 м², 5/5 этажВсе заметкиУдалить",https://krisha.kz//a/show/663574082,14 000 000〒,"Ауэзовский р-н, Жандосова — Яссауи",Алматы29 нояб.,"кирпичный дом, 1991 г.п., жил. площадь 17 кв.м., кухня 8 кв.м., санузел совмещенный, частично меблирована, Прожажа Без посредников. Просьба риэлторов не беспокоить. Дом кирпичный. Не в залоге. Не угловая. Тихий двор. Ремонт саежий. Новая сантехника. Пластик окна. Цена окончательная. Без торга"
"1-комнатная квартира, 32.5 м², 5/5 этажВсе заметкиУдалить",https://krisha.kz//a/show/663611430,16 500 000〒,"Ауэзовский р-н, мкр №11, Мкр №11",Алматы29 нояб.,"панельный дом, 1983 г.п., состояние: среднее, санузел совмещенный, телефон: отдельный, интернет проводной, частично меблирована, Неугловая, улучшенная, комнаты изолированы, встроенная кухня, тихий двор. Уютная улучшенная квартира с большими раздельными комнатой и кухней в доме 158 серии. Большой ба…"
"1-комнатная квартира, 35.3 м², 7/12 этажВсе заметкиУдалить",https://krisha.kz//a/show/661947306,15 700 000〒,"Ауэзовский р-н, мкр Аксай-1, Мкр Аксай-1 25",Алматы29 нояб.,"монолитный дом, 1993 г.п., состояние: хорошее, потолки 2.8м., санузел совмещенный, телефон: нет, интернет оптика, полностью меблирована, Дом монолитный, очень толстые стены, отличная шумоизоляция. Сейсмостойкость 9 баллов. В квартире проживаем 20 лет, от собственника. Большая лоджия во всю длину к…"
"1-комнатная квартира, 14 м², 3/4 этажВсе заметкиУдалить",https://krisha.kz//a/show/663444291,6 000 000〒,"Ауэзовский р-н, Алтынсарина 1/1 — Кабдолова",Алматы29 нояб.,"панельный дом, 1987 г.п., состояние: хорошее, санузел совмещенный, полностью меблирована, Внутри туалет, ванна, г/х вода, рядом есть всё необходимое для комфортного проживания, удобно для жилья либо для сдачи в аренду, чистая, уютная"
"1-комнатная квартира, 17 м², 4/5 этажВсе заметкиУдалить",https://krisha.kz//a/show/663610895,7 000 000〒,"Ауэзовский р-н, улица Утеген Батыра 71 a",Алматы29 нояб.,"кирпичный дом, 1979 г.п., состояние: хорошее, жил. площадь 12 кв.м., кухня 3 кв.м., потолки 2.7м., санузел совмещенный, телефон: есть возможность подключения, интернет проводной, частично меблирована, Гранд парк қасында, Magnum жақын жерде орналасқан. Сайран"
"1-комнатная квартира, 33 м², 2/4 этажВсе заметкиУдалить",https://krisha.kz//a/show/663468430,13 900 000〒,"Ауэзовский р-н, мкр №12 9",Алматы29 нояб.,"панельный дом, 1969 г.п., состояние: хорошее, жил. площадь 18 кв.м., кухня 6 кв.м., потолки 2.7м., санузел совмещенный, телефон: отдельный, интернет оптика, полностью меблирована, Продам 1комн. квартиру обычной планировки, отличный этаж, чистая, не залоговая, рядом детский сад, две школы, казахская…"
"1-комнатная квартира, 36 м², 9/9 этажВсе заметкиУдалить",https://krisha.kz//a/show/661259143,15 500 000〒,"Ауэзовский р-н, мкр Аксай-1, Мкр Аксай-1 5",Алматы29 нояб.,"панельный дом, 1984 г.п., состояние: хорошее, санузел совмещенный, телефон: отдельный, интернет ADSL, полностью меблирована, Чистая, светлая квартира. Идеально для проживания, и сдачу в аренду. Не угловая"
"1-комнатная квартира, 31 м², 4/5 этажВсе заметкиУдалить",https://krisha.kz//a/show/663325408,13 000 000〒,"Ауэзовский р-н, мкр Таугуль-1 7 — Токтабаева",Алматы29 нояб.,"панельный дом, 1972 г.п., состояние: хорошее, жил. площадь 17.5 кв.м., кухня 7.5 кв.м., потолки 2.7м., санузел совмещенный, частично меблирована"
"1-комнатная квартира, 42 м², 3/9 этажВсе заметкиУдалить",https://krisha.kz//a/show/663610274,17 300 000〒,"Ауэзовский р-н, мкр Аксай-3Б",Алматы29 нояб.,"кирпичный дом, 1995 г.п., состояние: хорошее, жил. площадь 20 кв.м., кухня 12 кв.м., потолки 2.8м., санузел совмещенный, интернет ADSL, частично меблирована, Продам однокомнатную квартиру в хорошем районе, не угловая, удобное расположение дома, приятное соседство, развитая инфраструктура! Ряд…"
"1-комнатная квартира, 51 м², 8/10 этажВсе заметкиУдалить",https://krisha.kz//a/show/57636642,20 700 000〒,"Ауэзовский р-н, мкр Аксай-1А, Момышулы 26 Б — Толе би",Алматы29 нояб.,"монолитный дом, 2009 г.п., состояние: евроремонт, жил. площадь 25 кв.м., кухня 17 кв.м., потолки 28м., санузел совмещенный, интернет проводной, полностью меблирована, Хотите купить квартиру в алматы, под ключ ? Не упустите, цена актуальна до 30.11.2020г. 51 кв. м за 20 700 000 тг 51 кв. м со всей м…"
"1-комнатная квартира, 42 м², 5/5 этажВсе заметкиУдалить",https://krisha.kz//a/show/661676041,18 000 000〒,"Ауэзовский р-н, мкр Таугуль-2, Мкр Таугуль-2",Алматы29 нояб.,"панельный дом, 1990 г.п., состояние: среднее, жил. площадь 18.1 кв.м., кухня 12.2 кв.м., потолки 2.8м., санузел совмещенный, телефон: есть возможность подключения, частично меблирована"
"1-комнатная квартира, 44 м², 1/9 этажВсе заметкиУдалить",https://krisha.kz//a/show/663289381,16 900 000〒,"Ауэзовский р-н, мкр Жетысу-1",Алматы29 нояб.,"панельный дом, 1989 г.п., состояние: хорошее, санузел совмещенный, пустая"
"1-комнатная квартира, 41 м², 11/12 этажВсе заметкиУдалить",https://krisha.kz//a/show/663221894,18 000 000〒,"Ауэзовский р-н, мкр Сайран 120 — Матезалки",Алматы29 нояб.,"1993 г.п., состояние: среднее, потолки 3м., санузел раздельный, телефон: отдельный, интернет ADSL, Хороший район. В шаговой доступности находятся две больницы, две станций метро, Т/Ц Гранд Парк, рынок Сарыарка, автовокзал Сайран, Школа-Гимназия 6, ЗАГС. Соседи хорошие"
"1-комнатная квартира, 41 м², 1/5 этажВсе заметкиУдалить",https://krisha.kz//a/show/663018142,28 000 000〒,"Ауэзовский р-н, мкр Мамыр-7, Мкр Мамыр-7 — Шаляпина",Алматы29 нояб.,"панельный дом, 1990 г.п., состояние: евроремонт, жил. площадь 20 кв.м., кухня 10 кв.м., потолки 2.7м., санузел совмещенный, телефон: отдельный, интернет оптика, полностью меблирована, Квартира очень чистая. Евроремонт. Газплита на балконе. Риэлторам не звонить. Очень теплая, светлая. На площадке…"
"1-комнатная квартира, 14 м², 1/4 этажВсе заметкиУдалить",https://krisha.kz//a/show/662422141,6 000 000〒,"Ауэзовский р-н, мкр Аксай-2, Мкр Аксай-2 20/1",Алматы29 нояб.,"кирпичный дом, 1980 г.п., состояние: среднее, жил. площадь 14 кв.м., потолки 2.7м., санузел совмещенный, телефон: есть возможность подключения, частично меблирована"
"1-комнатная квартира, 33 м², 3/5 этажВсе заметкиУдалить",https://krisha.kz//a/show/663609454,15 400 000〒,"Ауэзовский р-н, мкр Аксай-3А, Аксай-4 45",Алматы29 нояб.,"панельный дом, 1986 г.п., состояние: хорошее, жил. площадь 20 кв.м., кухня 10 кв.м., потолки 3м., санузел совмещенный, интернет через TV кабель, Один хозяин с 1994 года"
"1-комнатная квартира, 44 м², 1/8 этажВсе заметкиУдалить",https://krisha.kz//a/show/663172303,23 000 000〒,"Ауэзовский р-н, мкр Сайран, Утеген Батыра 114 — Кабдолова",Алматы29 нояб.,"В залоге, жил. комплекс Родник-1, монолитный дом, 2018 г.п., состояние: евроремонт, жил. площадь 19 кв.м., кухня 14 кв.м., потолки 3м., санузел совмещенный, телефон: есть возможность подключения, интернет через TV кабель, полностью меблирована, Переделенная как двухкомнатная. рядом Грант парк. Школ…"
"1-комнатная квартира, 45 м², 10/12 этажВсе заметкиУдалить",https://krisha.kz//a/show/663143461,22 000 000〒,"Ауэзовский р-н, Жетысу-1",Алматы29 нояб.,"жил. комплекс Жана Жетысу, монолитный дом, 2019 г.п., состояние: евроремонт, санузел совмещенный, Продается квартира в отличном районе. Состояние заезжай и живи. Комнаты изолированы. Просмотры в любое время Кухня 14.5 Спальня 15 В 5 минутах ходьбы садики, школы, а так же супермаркеты Смол и Магнум…"
"1-комнатная квартира, 20 м², 3/4 этажВсе заметкиУдалить",https://krisha.kz//a/show/662633866,7 650 000〒,"Ауэзовский р-н, мкр №5, №5 мкр 23 — Абая",Алматы29 нояб.,"панельный дом, 1970 г.п., состояние: хорошее, потолки 2.6м., санузел раздельный, телефон: есть возможность подключения, интернет ADSL, частично меблирована, Чистая уютная комната, хорошие соседи. Не угловая, во дворе детская площадка. Рядом Метро, ТРЦ Москва, школа дет. сады, магазин и аптека"
"1-комнатная квартира, 38 м², 1/4 этажВсе заметкиУдалить",https://krisha.kz//a/show/662408756,13 500 000〒,"Ауэзовский р-н, мкр Таугуль-1 7а — Токтабаева угол сулейменова",Алматы29 нояб.,"кирпичный дом, 1979 г.п., состояние: хорошее, жил. площадь 16 кв.м., кухня 13 кв.м., санузел совмещенный, телефон: отдельный, интернет ADSL, частично меблирована, Продам 1 комнатную квартиру в микрорайоне Таугуль 1 или обменяю на небольшой частный дом в г Алматы"
"1-комнатная квартира, 40 м², 3/5 этажВсе заметкиУдалить",https://krisha.kz//a/show/663463079,15 500 000〒,"Ауэзовский р-н, мкр Аксай-5 7",Алматы29 нояб.,"панельный дом, 1990 г.п., состояние: среднее, жил. площадь 18 кв.м., кухня 10 кв.м., потолки 2.9м., санузел раздельный, полностью меблирована, Срочно. цена окончательна"
"1-комнатная квартира, 47.5 м², 5/10 этажВсе заметкиУдалить",https://krisha.kz//a/show/662639774,22 200 000〒,"Ауэзовский р-н, мкр Таугуль-2 37 — Черепанова",Алматы29 нояб.,"монолитный дом, 2007 г.п., состояние: евроремонт, жил. площадь 22.5 кв.м., кухня 15 кв.м., потолки 2.8м., санузел совмещенный, телефон: есть возможность подключения, интернет ADSL, полностью меблирована, Продам квартиру в хорошем состоянии, в очень востребованном районе Таугуль 2 застройщик Ни…"
"1-комнатная квартира, 19 м², 4/4 этажВсе заметкиУдалить",https://krisha.kz//a/show/663475313,6 200 000〒,"Ауэзовский р-н, Саина",Алматы29 нояб.,"панельный дом, 1974 г.п., состояние: среднее, санузел совмещенный, частично меблирована, Срочно!"
"1-комнатная квартира, 32 м², 5/5 этажВсе заметкиУдалить",https://krisha.kz//a/show/663343406,12 500 000〒,"Ауэзовский р-н, Саина",Алматы29 нояб.,"панельный дом, 1986 г.п., состояние: среднее, санузел совмещенный, частично меблирована"
"1-комнатная квартира, 22 м², 4/4 этажВсе заметкиУдалить",https://krisha.kz//a/show/663615678,6 500 000〒,"Ауэзовский р-н, Саина 14а — Толе Би",Алматы29 нояб.,"кирпичный дом, 1973 г.п., состояние: среднее, жил. площадь 19 кв.м., санузел совмещенный, Коридорного типа"
"1-комнатная квартира, 12 м², 3/4 этажВсе заметкиУдалить",https://krisha.kz//a/show/663615622,6 000 000〒,"Ауэзовский р-н, Жубанова 13 — Саина",Алматы29 нояб.,"панельный дом, 1972 г.п., состояние: хорошее, санузел совмещенный, Коридорного типа"
"1-комнатная квартира, 43 м², 1/4 этажВсе заметкиУдалить",https://krisha.kz//a/show/663614569,21 500 000〒,"Ауэзовский р-н, мкр Таугуль-3, Сатпаева 100г — Дауленова",Алматы29 нояб.,"жил. комплекс Eco Green, кирпичный дом, 2016 г.п., состояние: хорошее, санузел совмещенный, телефон: отдельный, интернет ADSL, частично меблирована, Все рядом развита инфраструктура все в шагом доступе"
"1-комнатная квартира, 19 м², 3/4 этажВсе заметкиУдалить",https://krisha.kz//a/show/663614306,6 800 000〒,"Ауэзовский р-н, мкр №3, Абая — Правды",Алматы29 нояб.,"панельный дом, 1967 г.п., состояние: хорошее, жил. площадь 18 кв.м., санузел совмещенный, частично меблирована, В приват. общ комната 19кв со всеми условими с/у и раковина есть внутри комнаты напротив дома Метро Тц Москва Магнум Метро для сдачи аренды отличный район Душ поставить нужно"
"1-комнатная квартира, 40 м², 5/9 этажВсе заметкиУдалить",https://krisha.kz//a/show/663613733,16 500 000〒,"Ауэзовский р-н, мкр Жетысу-1, Момышулы 17 — Улугбека",Алматы29 нояб.,"панельный дом, 1993 г.п., состояние: среднее, жил. площадь 18 кв.м., кухня 10 кв.м., санузел совмещенный, интернет через TV кабель, частично меблирована"
"1-комнатная квартира, 13.5 м², 2/9 этажВсе заметкиУдалить",https://krisha.kz//a/show/663613703,4 600 000〒,"Ауэзовский р-н, мкр Аксай-1, Саина — Райымбека (Ташкентская)",Алматы29 нояб.,"кирпичный дом, 1982 г.п., состояние: хорошее, потолки 2.8м., интернет проводной, пустая, Квартира чистая, теплая, уютная, балкон, застеклен, утеплен. Удобное расположение рядом Азия парк (Прайм), школы, садики, остановки"
"1-комнатная квартира, 12 м², 1/4 этажВсе заметкиУдалить",https://krisha.kz//a/show/663612586,4 500 000〒,"Ауэзовский р-н, мкр №6, Мкр №6 55",Алматы29 нояб.,"панельный дом, 1972 г.п., состояние: хорошее, Сан узел общий"
"1-комнатная квартира, 42 м², 3/5 этажВсе заметкиУдалить",https://krisha.kz//a/show/663612638,16 000 000〒,"Ауэзовский р-н, мкр Сайран, Мкр Сайран",Алматы29 нояб.,"панельный дом, 1980 г.п., состояние: хорошее, жил. площадь 18 кв.м., кухня 10 кв.м., санузел совмещенный"
"1-комнатная квартира, 22 м², 4/4 этажВсе заметкиУдалить",https://krisha.kz//a/show/663612618,6 200 000〒,"Ауэзовский р-н, Саина 14",Алматы29 нояб.,"кирпичный дом, 1973 г.п., жил. площадь 18 кв.м., санузел совмещенный"
"1-комнатная квартира, 38 м², 4/9 этажВсе заметкиУдалить",https://krisha.kz//a/show/663612333,15 500 000〒,"Ауэзовский р-н, мкр Аксай-1А, Мкр. Аксай — Райымбека-Момышулы",Алматы29 нояб.,"жил. комплекс НИКО на Раимбека - Момышулы, монолитный дом, 2010 г.п., состояние: хорошее, санузел совмещенный, телефон: отдельный, интернет через TV кабель, частично меблирована, В цену входит ПАРКИНГ. ВЫГОДНОЕ ВЛОЖЕНИЕ ДЕНЕГ ! Хорошее расположение, рядом Садики и школы-123, 133, 121, 42, магазин…"
"1-комнатная квартира, 33 м², 2/5 этажВсе заметкиУдалить",https://krisha.kz//a/show/663293835,13 000 000〒,"Ауэзовский р-н, мкр Тастак-1 — Толе би",Алматы29 нояб.,"панельный дом, 1987 г.п., состояние: хорошее, жил. площадь 18 кв.м., кухня 6 кв.м., потолки 2.7м., санузел совмещенный"
"1-комнатная квартира, 45 м², 4/5 этажВсе заметкиУдалить",https://krisha.kz//a/show/663610527,10 800 000〒,"Ауэзовский р-н, мкр Астана, ЖМ Лесная Поляна 14",Алматы29 нояб.,"кирпичный дом, 2014 г.п"
"1-комнатная квартира, 41 м², 6/9 этажВсе заметкиУдалить",https://krisha.kz//a/show/663603301,16 600 000〒,"Ауэзовский р-н, мкр Жетысу-1, Мкр Жетысу-1 — проспект Улугбека",Алматы28 нояб.,"панельный дом, 1991 г.п., состояние: хорошее, санузел совмещенный, частично меблирована, Внимание, СРОЧНО! Ипотеку не рассматривают! Однокомнатная квартира улучшенной планировки с ""кладовкой"" в одном из самых востребованных районов города! Квартира в хорошем состоянии! Не требу…"
"1-комнатная квартира, 40 м², 5/5 этажВсе заметкиУдалить",https://krisha.kz//a/show/663600819,16 399 156〒,"Ауэзовский р-н, мкр Аксай-3, Мкр Аксай-3",Алматы28 нояб.,"панельный дом, 1982 г.п., состояние: хорошее, санузел раздельный, телефон: отдельный, интернет ADSL, частично меблирована, Внимание, СРОЧНО! Ипотеку рассматривают! Угловая снаружи утеплённая однокомнатная квартира улучшенной планировки в одном из самых востребованных районов города! Квартира в хоро…"
"1-комнатная квартира, 40 м², 4/9 этажВсе заметкиУдалить",https://krisha.kz//a/show/663362568,20 000 000〒,"Ауэзовский р-н, мкр Аксай-4, Мкр Аксай-4 27",Алматы28 нояб.,"панельный дом, 1989 г.п., состояние: евроремонт, жил. площадь 18 кв.м., кухня 10.4 кв.м., потолки 2.8м., санузел совмещенный, полностью меблирована, Улучшенная планировка, есть кладовка, санузел совмещенный, тихий двор, рядом школа, рынок, садик. Светлая просторная квартира. Два телевизора, полност…"
"1-комнатная квартира, 44 м², 2/9 этажВсе заметкиУдалить",https://krisha.kz//a/show/663508787,18 000 000〒,"Ауэзовский р-н, мкр №6 — Саина",Алматы28 нояб.,"монолитный дом, 2019 г.п., состояние: евроремонт, жил. площадь 18 кв.м., кухня 11 кв.м., потолки 2.8м., санузел совмещенный, телефон: отдельный, интернет через TV кабель, пустая"
"1-комнатная квартира, 38 м², 2/4 этажВсе заметкиУдалить",https://krisha.kz//a/show/663597945,15 500 000〒,"Ауэзовский р-н, мкр №11, Мкр №11 — Шаляпина",Алматы28 нояб.,"панельный дом, 1968 г.п., состояние: евроремонт, потолки 2.8м., санузел совмещенный, телефон: отдельный, интернет ADSL, полностью меблирована, Отличное предложение от Агентства недвижимости Метры, одна комнатная квартира возле ТРЦ Мега Москва. Из окон комплекса открываются прекрасные виды на г…"
"1-комнатная квартира, 41 м², 6/9 этажВсе заметкиУдалить",https://krisha.kz//a/show/663390008,16 600 000〒,"Ауэзовский р-н, мкр Жетысу-1",Алматы28 нояб.,"панельный дом, 1991 г.п., жил. площадь 18 кв.м., кухня 10 кв.м., санузел совмещенный, телефон: отдельный, интернет оптика, частично меблирована, Квартира светлая, дом стоит север юг, окна смотрят на юг, дома тепло, квартира находится в середине, в подъезде чисто, лифт новый, соседи дружелюбны…"
"1-комнатная квартира, 42 м², 8/12 этажВсе заметкиУдалить",https://krisha.kz//a/show/662841707,26 200 000〒,"Ауэзовский р-н, мкр Таугуль, Саина 13а",Алматы28 нояб.,"жил. комплекс Берекет, монолитный дом, 2019 г.п., состояние: хорошее, санузел совмещенный, Агенство недвижимости ""Apartamenty Almaty"" предлагает продажу квартиры в Жилом Комплексе ""Берекет"" (Застройщик BI Group), класса Комфорт + Квартира в отличном состоянии, полность…"
"1-комнатная квартира, 27 м², 2/4 этажВсе заметкиУдалить",https://krisha.kz//a/show/662610152,5 700 000〒,"Ауэзовский р-н, Сайна 8 — Толе би",Алматы28 нояб.,"кирпичный дом, 1971 г.п., состояние: среднее, жил. площадь 19 кв.м., кухня 27 кв.м., потолки 2.8м., санузел раздельный, интернет проводной, полностью меблирована, Дом расположен в удобной развязки города. Квартира теплая, уютная, дружелюбные соседи! Квартира частично с мебелью! Коридор и сан. сан…"
"1-комнатная квартира, 45 м², 1/5 этажВсе заметкиУдалить",https://krisha.kz//a/show/661487118,14 500 000〒,"Ауэзовский р-н, мкр Таугуль, Токтабаева 7а — Сулейменова",Алматы28 нояб.,"1969 г.п., потолки 2.7м., санузел раздельный, полностью меблирована, Продаётся 1 ком квартира в районе полноценный 1 ком квартира, сан. узлы разделены, двери везде, окны смотрят на улицу Токтыбаева, кухня 10 квадратов, закрытый балкон, рядом школа, садики, магнум есть. В ДАННЫЙ МОМЕНТ СДАЁТСЯ…"
"1-комнатная квартира, 30 м², 4/5 этажВсе заметкиУдалить",https://krisha.kz//a/show/663605605,14 700 000〒,"Ауэзовский р-н, мкр №6, Саина — Койшыманова",Алматы28 нояб.,"панельный дом, 1965 г.п., состояние: хорошее, жил. площадь 18 кв.м., кухня 6 кв.м., санузел совмещенный, телефон: отдельный, интернет ADSL, частично меблирована, УГЛОВАЯ(УТЕПЛЕННАЯ) !СРОЧНО продается квартира в одном из самых востребованных районов города! Очень тихий двор. Соседи дружелюбны…"
"1-комнатная квартира, 58 м², 9/9 этажВсе заметкиУдалить",https://krisha.kz//a/show/663348065,19 555 555〒,"Ауэзовский р-н, мкр Тастак-1, Мкр Тастак-1 11 — Толе Би",Алматы28 нояб.,"панельный дом, 1987 г.п., состояние: хорошее, жил. площадь 32 кв.м., кухня 9 кв.м., санузел раздельный, телефон: отдельный, полностью меблирована, 2-х комнатная отличная улучшенная квартира продается! Заходи и живи! Не угловая, не залоговая, с мебелью и быттехн, ! шикарная панорама на горы, светла…"
"1-комнатная квартира, 13 м², 4/4 этажВсе заметкиУдалить",https://krisha.kz//a/show/663444946,6 500 000〒,"Ауэзовский р-н, Кабдолова — проспект Алтынсарина",Алматы28 нояб.,"панельный дом, 1979 г.п., состояние: хорошее, санузел совмещенный, телефон: отдельный, интернет ADSL, частично меблирована, Продается уютная комната в приватезированном общежитие на площадке 4 квартиры, санузел внутри комнаты, коридор в хорошем состоянии, Соседи доброжелательные, дружные…"
"1-комнатная квартира, 13 м², 4/4 этажВсе заметкиУдалить",https://krisha.kz//a/show/663444946,6 500 000〒,"Ауэзовский р-н, Кабдолова — проспект Алтынсарина",Алматы28 нояб.,"панельный дом, 1979 г.п., состояние: хорошее, санузел совмещенный, телефон: отдельный, интернет ADSL, частично меблирована, Продается уютная комната в приватезированном общежитие на площадке 4 квартиры, санузел внутри комнаты, коридор в хорошем состоянии, Соседи доброжелательные, дружные…"
"1-комнатная квартира, 32 м², 3/4 этажВсе заметкиУдалить",https://krisha.kz//a/show/663582858,13 500 000〒,"Ауэзовский р-н, мкр №9, Мкр №9",Алматы28 нояб.,"панельный дом, 1968 г.п., состояние: хорошее, жил. площадь 18 кв.м., кухня 6 кв.м., санузел совмещенный, телефон: отдельный, Реальный вариант ! Не угловая ! Идеально подходит как для проживания так и для сдачи в аренду!"
"1-комнатная квартира, 30 м², 4/5 этажВсе заметкиУдалить",https://krisha.kz//a/show/663605947,14 700 000〒,"Ауэзовский р-н, мкр №6, Саина",Алматы28 нояб.,"панельный дом, 1965 г.п., состояние: хорошее, жил. площадь 18 кв.м., кухня 6 кв.м., санузел совмещенный, частично меблирована, УГЛОВАЯ(теплая в очень хорошем состоянии) !срочно продается квартира в одном из самых востребованных районов города!Очень тихий двор. Соседи дружелюбные. Детская площадк…"
"1-комнатная квартира, 30 м², 4/5 этажВсе заметкиУдалить",https://krisha.kz//a/show/663605598,14 699 156〒,"Ауэзовский р-н, мкр №6, Саина — Койчуманова",Алматы28 нояб.,"панельный дом, 1965 г.п., состояние: хорошее, жил. площадь 18 кв.м., кухня 6 кв.м., санузел совмещенный, частично меблирована, УГЛОВАЯ(Очень тёплая и светлая квартира) !СРОЧНО продается квартира в одном из самых востребованных районов города!Очень тихий двор. Соседи дружелюбные. Детская площадк…"
"1-комнатная квартира, 45 м², 10/12 этажВсе заметкиУдалить",https://krisha.kz//a/show/663113017,21 800 000〒,"Ауэзовский р-н, Жетысу-1 28а",Алматы28 нояб.,"жил. комплекс Жана Жетысу, монолитный дом, 2018 г.п., состояние: хорошее, санузел совмещенный, телефон: отдельный, интернет ADSL, пустая, Застройщик Bi Group. Пластиковые окна, неугловая, улучшенная, комнаты изолированы, встроенная кухня, новая сантехника, счётчики, тихий двор, кондиционер…"
"1-комнатная квартира, 13 м², 3/4 этажВсе заметкиУдалить",https://krisha.kz//a/show/663599012,5 500 000〒,"Ауэзовский р-н, Жубанова",Алматы28 нояб.,"панельный дом, 1971 г.п., состояние: хорошее, санузел совмещенный, телефон: отдельный, интернет ADSL, частично меблирована, Уважаемые покупатели, вашему вниманию предоставляется отличная комната в общежитии. Особенности данной комнаты в том, что внутри сан узел разделен перегородкой с две…"
"1-комнатная квартира, 40 м², 9/10 этажВсе заметкиУдалить",https://krisha.kz//a/show/662740280,17 500 000〒,"Ауэзовский р-н, Аксай 1",Алматы28 нояб.,"жил. комплекс Самга, монолитный дом, 2016 г.п., состояние: хорошее, жил. площадь 20 кв.м., кухня 10 кв.м., потолки 2.8м., санузел совмещенный, частично меблирована"
"1-комнатная квартира, 38 м², 9/9 этажВсе заметкиУдалить",https://krisha.kz//a/show/663609076,16 700 000〒,"Ауэзовский р-н, мкр Жетысу-1 47",Алматы28 нояб.,"кирпичный дом, 2002 г.п., состояние: хорошее, жил. площадь 18 кв.м., кухня 10 кв.м., потолки 2.9м., санузел совмещенный, полностью меблирована, Маленький торг на месте"
"1-комнатная квартира, 51.7 м², 1/9 этажВсе заметкиУдалить",https://krisha.kz//a/show/662869593,22 500 000〒,"Ауэзовский р-н, мкр Аксай-4 121",Алматы28 нояб.,"монолитный дом, 2014 г.п., состояние: хорошее, жил. площадь 21.4 кв.м., кухня 14.4 кв.м., потолки 2.8м., санузел совмещенный, Срочно!"
"1-комнатная квартира, 51.7 м², 1/9 этажВсе заметкиУдалить",https://krisha.kz//a/show/662869524,22 500 000〒,"Ауэзовский р-н, мкр Аксай-4 121",Алматы28 нояб.,"монолитный дом, 2014 г.п., состояние: хорошее, жил. площадь 21.4 кв.м., кухня 14.4 кв.м., потолки 2.8м., санузел совмещенный, Срочно!"
"1-комнатная квартира, 42 м², 6/7 этажВсе заметкиУдалить",https://krisha.kz//a/show/663467874,16 500 000〒,"Ауэзовский р-н, мкр Аксай-1А",Алматы28 нояб.,"В залоге, 2001 г.п., состояние: хорошее, жил. площадь 38 кв.м., кухня 12 кв.м., потолки 2.8м., санузел совмещенный, телефон: есть возможность подключения, полностью меблирована, Срочно продам однокомнатную квартиру, переделон двухкомнатный"
"1-комнатная квартира, 17.3 м², 5/5 этажВсе заметкиУдалить",https://krisha.kz//a/show/663467812,8 000 000〒,"Ауэзовский р-н, Утеген Батыра 73",Алматы28 нояб.,"кирпичный дом, 1972 г.п., состояние: хорошее, жил. площадь 15.9 кв.м., Однокомнатная квартира в приватизированной общежитий, без соседа, туалет совмещённый, без балкона, душ общий на 1 этаже. Квартира находится рядом с ТРЦ «Грант парк», рядом есть «Магнум», рынок «Сарыарка». Хороший, тихий район"
"1-комнатная квартира, 43 м², 5 этажВсе заметкиУдалить",https://krisha.kz//a/show/663016686,15 800 000〒,"Ауэзовский р-н, мкр Аксай-2",Алматы28 нояб.,"панельный дом, 1983 г.п., потолки 2.85м., санузел совмещенный"
"1-комнатная квартира, 33.6 м², 5/5 этажВсе заметкиУдалить",https://krisha.kz//a/show/662719635,16 000 000〒,"Ауэзовский р-н, мкр Аксай-4 29а",Алматы28 нояб.,"В залоге, панельный дом, 1984 г.п., состояние: хорошее, жил. площадь 12.7 кв.м., санузел совмещенный, интернет ADSL, полностью меблирована, Продам квартиру 1- комнатную. Очень тёплая, зимой очень тепло. Очень просторные комнаты, большая кухня. Полностью меблирована, кондиционер, стиральная машин…"
"1-комнатная квартира, 48.3 м², 10/10 этажВсе заметкиУдалить",https://krisha.kz//a/show/56277975,17 500 000〒,"Ауэзовский р-н, мкр Аксай-1А, Бауыржана Момышулы 27Б — Толе Би",Алматы28 нояб.,"кирпичный дом, 2009 г.п., состояние: хорошее, жил. площадь 48.3 кв.м., кухня 20 кв.м., потолки 2.85м., санузел совмещенный, телефон: нет, интернет проводной, полностью меблирована, Продам однокомнатную, улучшенную квартиру, полностью меблированную. Первый хозяин. Варианты обмена не предлагат…"
"1-комнатная квартира, 15 м², 2/2 этажВсе заметкиУдалить",https://krisha.kz//a/show/662266353,4 500 000〒,"Ауэзовский р-н, мкр Мамыр 21 — Степная",Алматы28 нояб.,"кирпичный дом, 1993 г.п., состояние: среднее, телефон: нет, полностью меблирована, Со всей мебелью. Рядом школа, детский сад, центральная дорога"
"1-комнатная квартира, 22 м², 4/4 этажВсе заметкиУдалить",https://krisha.kz//a/show/662266372,8 500 000〒,"Ауэзовский р-н, мкр №7 3 — Абая Правда",Алматы28 нояб.,"панельный дом, 1982 г.п., состояние: среднее, жил. площадь 20 кв.м., кухня 2 кв.м., потолки 2.7м., санузел совмещенный, частично меблирована, Местоположение Абая Правда, дом стоит сзади Каганата. Продажа без риелтора, от хозяина. Возможен обмен на машину с вашей доплатой"
"1-комнатная квартира, 22 м², 4/4 этажВсе заметкиУдалить",https://krisha.kz//a/show/663015847,8 000 000〒,"Ауэзовский р-н, мкр №10 59 в — Джандосова",Алматы28 нояб.,"кирпичный дом, 1972 г.п., состояние: среднее, жил. площадь 16 кв.м., санузел совмещенный, С/у в комнате большой, на балконе плита застекленный"
"1-комнатная квартира, 18 м², 4/5 этажВсе заметкиУдалить",https://krisha.kz//a/show/58516560,6 500 000〒,"Ауэзовский р-н, мкр Таугуль",Алматы28 нояб.,"кирпичный дом, 1986 г.п., состояние: среднее, потолки 2.7м., санузел раздельный, полностью меблирована"
"1-комнатная квартира, 12 м², 4/5 этажВсе заметкиУдалить",https://krisha.kz//a/show/57656016,5 500 000〒,"Ауэзовский р-н, мкр №1, Саина 13",Алматы28 нояб.,"1975 г.п., состояние: хорошее, жил. площадь 12 кв.м., кухня 6 кв.м., потолки 2.5м., санузел раздельный, телефон: есть возможность подключения, интернет проводной, частично меблирована, Общежитие. Кухня, туалет - общий на 6 квартиров. Душ на 1 этаже (Общий)"
"1-комнатная квартира, 25 м², 4/4 этажВсе заметкиУдалить",https://krisha.kz//a/show/663604087,8 000 000〒,"Ауэзовский р-н, мкр №10 59в — Джандосова берегового",Алматы28 нояб.,"1972 г.п., состояние: среднее, жил. площадь 15 кв.м"
"1-комнатная квартира, 39 м², 2/4 этажВсе заметкиУдалить",https://krisha.kz//a/show/662790250,12 200 000〒,"Ауэзовский р-н, мкр Таугуль-1, Мкр Таугуль-1 — ул. Вишневского",Алматы28 нояб.,"кирпичный дом, 1969 г.п., состояние: хорошее, жил. площадь 19 кв.м., кухня 12 кв.м., санузел совмещенный, частично меблирована, Продам квартиру в приватизированном общежитии за наличный расчёт. общежитие малосемейное с отдельными, полноценными квартирами со всеми удобствами. в коридорах нет общи…"
"1-комнатная квартира, 30 м², 4/5 этажВсе заметкиУдалить",https://krisha.kz//a/show/663605962,13 499 156〒,"Ауэзовский р-н, мкр №6, Саина — Койчуманова",Алматы28 нояб.,"панельный дом, 1965 г.п., состояние: хорошее, жил. площадь 18 кв.м., кухня 6 кв.м., санузел совмещенный, частично меблирована, УГЛОВАЯ(теплая в очень хорошем состоянии) !СРОЧНО продается квартира в одном из самых востребованных районов города!Очень тихий двор. Соседи дружелюбные. Детская площадк…"
"1-комнатная квартира, 30 м², 4/5 этажВсе заметкиУдалить",https://krisha.kz//a/show/663605586,13 499 156〒,"Ауэзовский р-н, мкр №6, Саина — Койчуманова",Алматы28 нояб.,"панельный дом, 1965 г.п., состояние: хорошее, жил. площадь 18 кв.м., кухня 6 кв.м., санузел совмещенный, телефон: отдельный, интернет через TV кабель, частично меблирована, УГЛОВАЯ(УТЕПЛЕННАЯ) !СРОЧНО продается квартира в одном из самых востребованных районов города! Очень тихий двор, дом во двора…"
"1-комнатная квартира, 30 м², 4/5 этажВсе заметкиУдалить",https://krisha.kz//a/show/663605563,13 499 156〒,"Ауэзовский р-н, мкр №6, Саина — Койшыманова",Алматы28 нояб.,"панельный дом, 1965 г.п., состояние: хорошее, жил. площадь 18 кв.м., кухня 6 кв.м., санузел совмещенный, телефон: отдельный, интернет ADSL, частично меблирована, УГЛОВАЯ(УТЕПЛЕННАЯ) !СРОЧНО продается квартира в одном из самых востребованных районов города!Очень тихий двор. Соседи дружелюбные. Детск…"
"1-комнатная квартира, 30.3 м², 2/4 этажВсе заметкиУдалить",https://krisha.kz//a/show/51226079,15 000 000〒,"Ауэзовский р-н, Пятницкого 170 — Жандосова",Алматы28 нояб.,"кирпичный дом, 1967 г.п., состояние: хорошее, санузел совмещенный, телефон: отдельный, интернет через TV кабель, частично меблирована, Без торга"
"1-комнатная квартира, 41 м², 8/9 этажВсе заметкиУдалить",https://krisha.kz//a/show/663605284,18 399 000〒,"Ауэзовский р-н, мкр Аксай-2, Мкр Аксай-2",Алматы28 нояб.,"панельный дом, 1986 г.п., состояние: хорошее, жил. площадь 18 кв.м., кухня 11 кв.м., санузел совмещенный, частично меблирована, Внимание, СРОЧНО! Рассматривают Ипотеку! Однокомнатная квартира улучшенной планировки с ""кладовкой"" в одном из самых востребованных районов города! Квартир…"
"1-комнатная квартира, 43 м², 2/9 этажВсе заметкиУдалить",https://krisha.kz//a/show/663605224,18 400 000〒,"Ауэзовский р-н, мкр №6, Саина",Алматы28 нояб.,"монолитный дом, 2019 г.п., состояние: евроремонт, жил. площадь 18 кв.м., кухня 14 кв.м., санузел совмещенный, частично меблирована, Внимание, СРОЧНО! Рассматривают Ипотеку! Однокомнатная квартира улучшенной планировки с ""балконом "" в одном из самых востребованных районов города! Квартир…"
"1-комнатная квартира, 45 м², 9/10 этажВсе заметкиУдалить",https://krisha.kz//a/show/663605173,18 500 000〒,"Ауэзовский р-н, мкр Жетысу-4, Мкр Жетысу-4",Алматы28 нояб.,"монолитный дом, 2004 г.п., состояние: хорошее, жил. площадь 18 кв.м., кухня 14 кв.м., санузел совмещенный, частично меблирована, Продается 1 комнатная квартира улучшенной планировки. Состояние квартиры хорошее, не требует капитальных вложении. Тихий, чистый двор, хорошие соседи. Ипотеку н…"
"1-комнатная квартира, 31 м², 1/4 этажВсе заметкиУдалить",https://krisha.kz//a/show/663076566,13 000 000〒,"Ауэзовский р-н, мкр №10, Мкр №10",Алматы28 нояб.,"панельный дом, 1967 г.п., жил. площадь 18 кв.м., кухня 6 кв.м., санузел совмещенный, телефон: отдельный, частично меблирована"
"1-комнатная квартира, 34 м², 1/5 этажВсе заметкиУдалить",https://krisha.kz//a/show/663302454,15 000 000〒,"Ауэзовский р-н, мкр Аксай-4, Мкр Аксай-4",Алматы28 нояб.,"панельный дом, 1985 г.п., жил. площадь 14 кв.м., кухня 10 кв.м., санузел совмещенный, телефон: отдельный, частично меблирована"
"1-комнатная квартира, 32 м², 2/4 этажВсе заметкиУдалить",https://krisha.kz//a/show/50789953,13 000 000〒,"Ауэзовский р-н, Саина — Маречека",Алматы28 нояб.,"панельный дом, 1972 г.п., состояние: хорошее, жил. площадь 18 кв.м., кухня 6 кв.м., санузел совмещенный, телефон: отдельный, частично меблирована"
"1-комнатная квартира, 28 м², 1/12 этажВсе заметкиУдалить",https://krisha.kz//a/show/663598795,13 700 000〒,"Ауэзовский р-н, мкр Таугуль-1, Мкр Таугуль-1 — Жандосова",Алматы28 нояб.,"монолитный дом, 1991 г.п., состояние: евроремонт, жил. площадь 17 кв.м., кухня 6 кв.м., потолки 3м., санузел совмещенный, телефон: отдельный, интернет ADSL, частично меблирована, Отличное предложение от Агентства недвижимости Метры, одна комнатная квартира. Из окон комплекса открываются прекрас…"
"1-комнатная квартира, 12 м², 3/5 этажВсе заметкиУдалить",https://krisha.kz//a/show/663604863,3 600 000〒,"Ауэзовский р-н, Саина 20/1",Алматы28 нояб.,"панельный дом, 1976 г.п., состояние: хорошее, потолки 2.8м., санузел раздельный, телефон: отдельный, частично меблирована"
"1-комнатная квартира, 23 м², 3/4 этажВсе заметкиУдалить",https://krisha.kz//a/show/662865025,6 500 000〒,"Ауэзовский р-н, мкр №6, Мкр №6 55 — Алтынсарина",Алматы28 нояб.,"панельный дом, 1980 г.п., состояние: хорошее, жил. площадь 18 кв.м., потолки 2.5м., санузел 2 с/у и более, телефон: есть возможность подключения, интернет через TV кабель, частично меблирована, Каридорный тип. Санузел общ"
"1-комнатная квартира, 40 м², 6/9 этажВсе заметкиУдалить",https://krisha.kz//a/show/663604675,17 300 000〒,"Ауэзовский р-н, мкр Аксай-3, Бауыржана Момышулы — Маргулана",Алматы28 нояб.,"панельный дом, 1985 г.п., состояние: евроремонт, санузел совмещенный, Ет повести прекраснее на свете Чем повесть об однушке в Ауэзе. В суровый 85 год Был возведен этот панельный дом, И среди всех квартир в этажке Милее всех расположилась на шестом. Не угловая, тепло зимой - прохладно летом, Уютн…"
"1-комнатная квартира, 35 м², 4/5 этажВсе заметкиУдалить",https://krisha.kz//a/show/663604630,17 000 000〒,"Ауэзовский р-н, мкр Аксай-2, Бауыржана Момышулы — Елемесова",Алматы28 нояб.,"панельный дом, 1983 г.п., состояние: евроремонт, жил. площадь 18 кв.м., кухня 6.5 кв.м., санузел совмещенный, Специальное предложение от Агенства Недвижимости ""Atrium"". Продаётся 1-комнатная квартира в идеальном состоянии. Документы в порядке. Светлая, уютная. Хороший двор, приветливы…"
"1-комнатная квартира, 33 м², 2/4 этажВсе заметкиУдалить",https://krisha.kz//a/show/661634496,17 000 000〒,"Ауэзовский р-н, Пятницкого 83 — Жандосова",Алматы28 нояб.,"кирпичный дом, 1967 г.п., состояние: хорошее, санузел совмещенный, телефон: отдельный, интернет оптика, полностью меблирована, Продаем квартиру в тихом уютном спокойном районе. Балкон застекленный, в квартире имеется сигнализация, ID TV NET, во дворе отличная детская площадка, боль…"
"1-комнатная квартира, 55 м², 7/9 этажВсе заметкиУдалить",https://krisha.kz//a/show/663604381,23 500 000〒,"Ауэзовский р-н, мкр Жетысу-3, Мкр Жетысу-3",Алматы28 нояб.,"монолитный дом, 2016 г.п., состояние: евроремонт, санузел раздельный, частично меблирована, Массу плюсов можно вынести из отличного расположения! В непосредственной близости находятся школы, детские сады, в которых найдется место для Вашего чада, банки, почта, салоны красоты, огромное коли…"
"1-комнатная квартира, 51 м², 11/12 этажВсе заметкиУдалить",https://krisha.kz//a/show/663604300,25 000 000〒,"Ауэзовский р-н, мкр Жетысу-3, Мкр Жетысу-3",Алматы28 нояб.,"монолитный дом, 2008 г.п., состояние: евроремонт, санузел совмещенный, частично меблирована, Массу плюсов можно вынести из отличного расположения! В непосредственной близости находятся школы, детские сады, в которых найдется место для Вашего чада, банки, почта, салоны красоты, огромное коли…"
"1-комнатная квартира, 44 м², 6/9 этажВсе заметкиУдалить",https://krisha.kz//a/show/663604261,18 500 000〒,"Ауэзовский р-н, мкр Жетысу-1, Мкр Жетысу-1",Алматы28 нояб.,"кирпичный дом, 2002 г.п., состояние: хорошее, санузел совмещенный, частично меблирована, Массу плюсов можно вынести из отличного расположения! В непосредственной близости находятся школы, детские сады, в которых найдется место для Вашего чада, банки, почта, салоны красоты, огромное количество мага…"
"1-комнатная квартира, 33 м², 1/4 этажВсе заметкиУдалить",https://krisha.kz//a/show/662616418,13 000 000〒,"Ауэзовский р-н, мкр №8, проспект Алтынсарина — Шаляпина",Алматы28 нояб.,"панельный дом, 1968 г.п., состояние: хорошее, жил. площадь 18 кв.м., кухня 6 кв.м., санузел совмещенный, телефон: отдельный, интернет проводной, частично меблирована, Чистая, уютная, светлая квартира, новые решётки на окнах, новые батарей, новая сантехника, чистый подъезд, развитая инфраструкт…"
"1-комнатная квартира, 33 м², 2/4 этажВсе заметкиУдалить",https://krisha.kz//a/show/662756129,13 800 000〒,"Ауэзовский р-н, мкр №1, Саина — проспект Улугбека",Алматы28 нояб.,"панельный дом, 1966 г.п., состояние: хорошее, жил. площадь 18 кв.м., кухня 6 кв.м., санузел совмещенный, телефон: отдельный, интернет проводной, частично меблирована, Теплая, уютная квартира, чистый подъезд, развитая инфраструктура, рядом школы, детсады, магазины, аптеки, Нархоз, автобусные останов…"
"1-комнатная квартира, 45 м², 7/10 этажВсе заметкиУдалить",https://krisha.kz//a/show/663165991,18 999 999〒,"Ауэзовский р-н, мкр Жетысу-4 22 — Абая",Алматы28 нояб.,"монолитный дом, 2008 г.п., состояние: хорошее, жил. площадь 20 кв.м., кухня 15 кв.м., потолки 2.8м., санузел совмещенный, телефон: нет, частично меблирована, Срочно продам 1 ком. квартиру в удобном, респектабельном районе. Рядом находятся ТРЦ Спутник, гипермаркет МАГНУМ, все банки. Несколько школ…"
"1-комнатная квартира, 30 м², 7/12 этажВсе заметкиУдалить",https://krisha.kz//a/show/662889816,15 500 000〒,"Ауэзовский р-н, Садвакасова 35",Алматы28 нояб.,"жил. комплекс Alim, монолитный дом, 2018 г.п., состояние: евроремонт, жил. площадь 27 кв.м., потолки 3м., санузел совмещенный, интернет оптика, Продам однокомнатную квартиру в жилом комплексе Алим, солнечная сторона с видом на горы. Квартира тёплая, уютная, ремонт свежий делали для себя, мебе…"
"1-комнатная квартира, 20 м², 4/4 этажВсе заметкиУдалить",https://krisha.kz//a/show/662415265,12 000 000〒,"Ауэзовский р-н, мкр №10 — Берегового",Алматы28 нояб.,"кирпичный дом, 1970 г.п., состояние: среднее, жил. площадь 19 кв.м., потолки 2.7м., санузел совмещенный, телефон: есть возможность подключения, Срочно продам 1-комнатную квартиру в приватизированной общежитии, туалет и ванна совмещённые, своя. Удобно для проживания или сдачи в аренду. Дом кирпичн…"
"1-комнатная квартира, 51 м², 4/9 этажВсе заметкиУдалить",https://krisha.kz//a/show/663462110,25 500 000〒,"Ауэзовский р-н, мкр Таугуль-1, Токтабаева 9 — Токтабаева-Навои",Алматы28 нояб.,"В залоге, жил. комплекс НИКО на Токтабаева - Навои, монолитный дом, 2005 г.п., состояние: хорошее, жил. площадь 32 кв.м., кухня 14 кв.м., потолки 2.8м., санузел совмещенный, интернет ADSL, частично меблирована, Продам 1 комнатную квартиру, територия огорожена, охрана, благоустроенный територи…"
"1-комнатная квартира, 30 м², 4/5 этажВсе заметкиУдалить",https://krisha.kz//a/show/663603711,14 700 000〒,"Ауэзовский р-н, мкр №6, №6 мкр 33",Алматы28 нояб.,"1965 г.п., состояние: хорошее, санузел совмещенный, частично меблирована, Продам однокомнатную квартиру в хорошем состоянии, в хорошем районе, удобно под коммерцию"
"1-комнатная квартира, 40 м², 6/9 этажВсе заметкиУдалить",https://krisha.kz//a/show/663603460,18 000 000〒,"Ауэзовский р-н, мкр Сайран, Утеген Батыра (Мате Залки) — Абая",Алматы28 нояб.,"панельный дом, 1991 г.п., состояние: хорошее, жил. площадь 18 кв.м., кухня 10 кв.м., санузел совмещенный, Внимание, срочно! Однакомнатная улучшенная квартира в одном из самых востребованных районов города! Квартира в хорошем состоянии, не требует капитальных вложений! Развитая инфраструктура, тих…"
"1-комнатная квартира, 42.4 м², 4/5 этажВсе заметкиУдалить",https://krisha.kz//a/show/663603514,13 500 000〒,"Ауэзовский р-н, мкр Аксай-3, Мкр Аксай-3",Алматы28 нояб.,"кирпичный дом, 1988 г.п., состояние: хорошее, потолки 2.5м., санузел раздельный, телефон: отдельный, интернет ADSL, частично меблирована, Очень просторная квартира 2 комнаты по 18 м2.Свежий ремонт, делали для себя. Все материалы использовали качественные, дорогие обои. В работу вкладывали душу…"
"1-комнатная квартира, 53 м², 3/9 этажВсе заметкиУдалить",https://krisha.kz//a/show/663603542,21 000 000〒,"Ауэзовский р-н, мкр Аксай-4, Жубанова",Алматы28 нояб.,"монолитный дом, 2014 г.п., состояние: хорошее, жил. площадь 22 кв.м., кухня 14.5 кв.м., санузел совмещенный, частично меблирована, ЭКСКЛЮЗИВ компании ""MAGNAT ESTATE"". Продается квартира в отличном состоянии. Прекрасное месторасположение дома. Развитая инфраструктура: Рынок «Арыстан…"
"1-комнатная квартира, 15 м², 5/5 этажВсе заметкиУдалить",https://krisha.kz//a/show/660111953,6 000 000〒,"Ауэзовский р-н, мкр №1, Жубанова 13",Алматы28 нояб.,"панельный дом, 1980 г.п., состояние: хорошее, потолки 2.5м., телефон: нет, пустая, Состояние хорошее, недавно делали ремонт. Тихий район, рядом есть Гранд Парк, Армада, Роддом, Сары-арка базар"
"1-комнатная квартира, 40 м², 9/9 этажВсе заметкиУдалить",https://krisha.kz//a/show/663603496,20 000 000〒,"Ауэзовский р-н, мкр Таугуль-1, Навои — Токтабаева Карима (Фестивальная)",Алматы28 нояб.,"панельный дом, 1998 г.п., состояние: евроремонт, жил. площадь 18 кв.м., кухня 10 кв.м., санузел совмещенный, Внимание, СРОЧНО! Однакомнатная улучшенная квартира в одном из самых востребованных районов города! Квартира в хорошем состоянии, не требует капитальных вложений! Развитая инфраструктур…"
"1-комнатная квартира, 40 м², 7/9 этажВсе заметкиУдалить",https://krisha.kz//a/show/663603410,17 500 000〒,"Ауэзовский р-н, мкр Аксай-4, Саина — Улугбека (Домостроительная)",Алматы28 нояб.,"панельный дом, 1980 г.п., состояние: хорошее, жил. площадь 18 кв.м., кухня 10 кв.м., санузел совмещенный, Внимание, СРОЧНО! Однакомнатная улучшенная квартира в одном из самых востребованных районов города! Квартира в хорошем состоянии, не требует капитальных вложений! Развитая инфраструктура, тих…"
"1-комнатная квартира, 53 м², 5/9 этажВсе заметкиУдалить",https://krisha.kz//a/show/663603409,21 000 000〒,"Ауэзовский р-н, мкр Аксай-1А 21",Алматы28 нояб.,"монолитный дом, 2008 г.п., состояние: хорошее, жил. площадь 24 кв.м., кухня 14 кв.м., потолки 2.8м., санузел совмещенный, частично меблирована, Жк. НИКО торг уместен"
"1-комнатная квартира, 31 м², 5/5 этажВсе заметкиУдалить",https://krisha.kz//a/show/663603382,13 500 000〒,"Ауэзовский р-н, мкр Аксай-1А, Саина — Райымбека (Ташкентская)",Алматы28 нояб.,"панельный дом, 1974 г.п., состояние: среднее, жил. площадь 18 кв.м., кухня 6 кв.м., санузел совмещенный, Продается 1 - комнатная квартира, в хорошем районе, дом расположен во дворах, тихий двор, хорошие соседи"
"1-комнатная квартира, 40 м², 5/5 этажВсе заметкиУдалить",https://krisha.kz//a/show/663603346,16 500 000〒,"Ауэзовский р-н, мкр Аксай-4, Саина — Улугбека (Домостроительная)",Алматы28 нояб.,"панельный дом, 1990 г.п., состояние: хорошее, жил. площадь 18 кв.м., кухня 8 кв.м., санузел раздельный, Внимание, СРОЧНО! Однакомнатная улучшенная квартира в одном из самых востребованных районов города! Квартира в хорошем состоянии, не требует капитальных вложений! Развитая инфраструктура, тих…"
"1-комнатная квартира, 30.5 м², 1/2 этажВсе заметкиУдалить",https://krisha.kz//a/show/661511185,13 500 000〒,"Ауэзовский р-н, мкр Мамыр 2 — Яссауи",Алматы28 нояб.,"кирпичный дом, 1990 г.п., состояние: евроремонт, жил. площадь 20 кв.м., кухня 9 кв.м., потолки 2.8м., санузел совмещенный, телефон: отдельный, интернет проводной, частично меблирована, Индивидуальное отопление, тёплый пол, подвал под квартирой"
"1-комнатная квартира, 18 м², 1/4 этажВсе заметкиУдалить",https://krisha.kz//a/show/58399256,9 000 000〒,"Ауэзовский р-н, мкр №7",Алматы28 нояб.,"кирпичный дом, 1999 г.п., состояние: хорошее, жил. площадь 16 кв.м., потолки 3м., санузел совмещенный, частично меблирована, Продаю комнату в общежитии, 9000000тг. Уютная квартира. звонить по номеру"
"1-комнатная квартира, 40 м², 1/5 этажВсе заметкиУдалить",https://krisha.kz//a/show/662931568,15 800 000〒,"Ауэзовский р-н, мкр Таугуль 7",Алматы28 нояб.,"панельный дом, 1989 г.п., состояние: хорошее, санузел раздельный, Продаётся 1 комнатная квартира Район Таугуль состояние хорошее, тёплая, рядом детсад и школа, магнум, несколько магазинов, рынок с уважением Жаркын Маукеева"
